ts_event,rtype,publisher_id,instrument_id,open,high,low,close,volume,symbol
2026-01-12T04:14:00.000000000Z,33,1,42003945,7175.000000000,7175.000000000,7175.000000000,7175.000000000,1,MESH7
2026-01-27T16:12:00.000000000Z,33,1,42003945,7225.750000000,7225.750000000,7225.750000000,7225.750000000,1,MESH7
2026-01-28T21:34:00.000000000Z,33,1,42003945,7237.000000000,7237.000000000,7237.000000000,7237.000000000,1,MESH7
2026-02-12T16:05:00.000000000Z,33,1,42003945,7129.000000000,7129.000000000,7129.000000000,7129.000000000,1,MESH7
2026-02-18T18:53:00.000000000Z,33,1,42003945,7091.750000000,7091.750000000,7091.750000000,7091.750000000,1,MESH7
2026-02-18T19:55:00.000000000Z,33,1,42003945,7091.500000000,7091.500000000,7091.500000000,7091.500000000,1,MESH7
2026-02-23T17:31:00.000000000Z,33,1,42003945,7039.250000000,7039.250000000,7039.250000000,7039.250000000,1,MESH7
2026-02-23T20:59:00.000000000Z,33,1,42003945,7043.500000000,7043.500000000,7043.500000000,7043.500000000,1,MESH7
2026-02-25T23:00:00.000000000Z,33,1,42003945,7150.250000000,7150.250000000,7150.250000000,7150.250000000,1,MESH7
2026-02-27T17:53:00.000000000Z,33,1,42003945,7054.000000000,7054.000000000,7054.000000000,7054.000000000,6,MESH7
2026-03-03T07:50:00.000000000Z,33,1,42003945,7009.750000000,7009.750000000,7009.750000000,7009.750000000,1,MESH7
2026-03-06T18:38:00.000000000Z,33,1,42003945,6950.000000000,6950.000000000,6950.000000000,6950.000000000,1,MESH7
2026-03-08T23:00:00.000000000Z,33,1,42003945,6816.750000000,6828.500000000,6816.750000000,6828.500000000,11,MESH7
2026-03-13T19:40:00.000000000Z,33,1,42003945,6830.000000000,6830.000000000,6830.000000000,6830.000000000,1,MESH7
2026-03-16T19:09:00.000000000Z,33,1,42003945,6915.000000000,6915.000000000,6915.000000000,6915.000000000,1,MESH7
2026-03-17T17:27:00.000000000Z,33,1,42003945,6928.000000000,6928.000000000,6928.000000000,6928.000000000,3,MESH7
2026-03-17T17:29:00.000000000Z,33,1,42003945,6927.000000000,6927.000000000,6927.000000000,6927.000000000,6,MESH7
2026-03-17T17:30:00.000000000Z,33,1,42003945,6927.000000000,6927.000000000,6927.000000000,6927.000000000,1,MESH7
2026-03-17T17:44:00.000000000Z,33,1,42003945,6919.000000000,6919.000000000,6919.000000000,6919.000000000,1,MESH7
2026-03-20T15:10:00.000000000Z,33,1,42003945,6766.250000000,6766.250000000,6766.250000000,6766.250000000,1,MESH7
2026-03-20T15:33:00.000000000Z,33,1,42003945,6766.750000000,6766.750000000,6766.750000000,6766.750000000,1,MESH7
2026-03-22T22:29:00.000000000Z,33,1,42003945,6713.500000000,6713.500000000,6713.500000000,6713.500000000,1,MESH7
2026-03-23T05:07:00.000000000Z,33,1,42003945,6682.750000000,6682.750000000,6682.750000000,6682.750000000,1,MESH7
2026-03-23T14:21:00.000000000Z,33,1,42003945,6850.000000000,6850.000000000,6850.000000000,6850.000000000,1,MESH7
2026-03-25T03:35:00.000000000Z,33,1,42003945,6788.750000000,6788.750000000,6788.750000000,6788.750000000,1,MESH7
2026-03-29T22:20:00.000000000Z,33,1,42003945,6524.750000000,6524.750000000,6524.750000000,6524.750000000,1,MESH7
2026-03-30T18:53:00.000000000Z,33,1,42003945,6530.250000000,6530.250000000,6530.250000000,6530.250000000,1,MESH7
2026-03-30T18:54:00.000000000Z,33,1,42003945,6530.000000000,6530.000000000,6530.000000000,6530.000000000,1,MESH7
2026-04-01T20:20:00.000000000Z,33,1,42003945,6760.000000000,6760.000000000,6760.000000000,6760.000000000,1,MESH7
2026-04-03T11:38:00.000000000Z,33,1,42003945,6773.500000000,6773.500000000,6773.500000000,6773.500000000,1,MESH7
2026-04-06T10:27:00.000000000Z,33,1,42003945,6790.000000000,6790.000000000,6790.000000000,6790.000000000,1,MESH7
2026-04-06T13:36:00.000000000Z,33,1,42003945,6790.000000000,6790.000000000,6790.000000000,6790.000000000,1,MESH7
2026-04-08T23:39:00.000000000Z,33,1,42003945,6976.000000000,6976.000000000,6976.000000000,6976.000000000,1,MESH7
2026-04-08T23:42:00.000000000Z,33,1,42003945,6967.500000000,6967.500000000,6967.500000000,6967.500000000,1,MESH7
2026-04-10T12:35:00.000000000Z,33,1,42003945,7030.000000000,7030.000000000,7030.000000000,7030.000000000,1,MESH7
2026-04-14T19:50:00.000000000Z,33,1,42003945,7170.000000000,7170.000000000,7170.000000000,7170.000000000,1,MESH7
2026-04-14T22:18:00.000000000Z,33,1,42003945,7167.500000000,7167.500000000,7167.500000000,7167.500000000,1,MESH7
2026-04-15T22:55:00.000000000Z,33,1,42003945,7232.000000000,7232.000000000,7232.000000000,7232.000000000,1,MESH7
2026-04-17T07:59:00.000000000Z,33,1,42003945,7255.000000000,7255.000000000,7255.000000000,7255.000000000,1,MESH7
2026-04-17T16:32:00.000000000Z,33,1,42003945,7353.000000000,7353.000000000,7353.000000000,7353.000000000,1,MESH7
2026-04-20T19:15:00.000000000Z,33,1,42003945,7299.250000000,7299.250000000,7299.250000000,7299.250000000,8,MESH7
2026-04-21T16:30:00.000000000Z,33,1,42003945,7279.000000000,7279.000000000,7279.000000000,7279.000000000,1,MESH7
2026-04-21T20:09:00.000000000Z,33,1,42003945,7282.750000000,7282.750000000,7282.750000000,7282.750000000,1,MESH7
2026-04-22T15:19:00.000000000Z,33,1,42003945,7322.500000000,7322.500000000,7322.500000000,7322.500000000,1,MESH7
2026-04-22T20:02:00.000000000Z,33,1,42003945,7339.000000000,7339.000000000,7339.000000000,7339.000000000,2,MESH7
2026-04-24T12:37:00.000000000Z,33,1,42003945,7337.000000000,7337.000000000,7337.000000000,7337.000000000,1,MESH7
2026-04-24T13:35:00.000000000Z,33,1,42003945,7330.000000000,7330.000000000,7330.000000000,7330.000000000,1,MESH7
2026-04-26T22:22:00.000000000Z,33,1,42003945,7330.000000000,7330.000000000,7330.000000000,7330.000000000,2,MESH7
2026-04-29T20:07:00.000000000Z,33,1,42003945,7333.750000000,7333.750000000,7333.750000000,7333.750000000,1,MESH7
2026-04-30T12:41:00.000000000Z,33,1,42003945,7365.250000000,7365.250000000,7365.250000000,7365.250000000,10,MESH7
2026-04-30T14:20:00.000000000Z,33,1,42003945,7325.000000000,7325.000000000,7325.000000000,7325.000000000,1,MESH7
2026-05-07T12:44:00.000000000Z,33,1,42003945,7573.250000000,7573.250000000,7573.250000000,7573.250000000,2,MESH7
2026-05-11T13:34:00.000000000Z,33,1,42003945,7600.000000000,7600.000000000,7600.000000000,7600.000000000,10,MESH7
2026-05-13T12:20:00.000000000Z,33,1,42003945,7620.000000000,7620.000000000,7620.000000000,7620.000000000,1,MESH7
2026-05-14T13:44:00.000000000Z,33,1,42003945,7684.000000000,7684.000000000,7684.000000000,7684.000000000,1,MESH7
2026-05-14T15:06:00.000000000Z,33,1,42003945,7710.000000000,7710.000000000,7710.000000000,7710.000000000,11,MESH7
2026-05-14T15:07:00.000000000Z,33,1,42003945,7710.000000000,7710.000000000,7710.000000000,7710.000000000,9,MESH7
2026-05-14T15:52:00.000000000Z,33,1,42003945,7711.000000000,7711.000000000,7711.000000000,7711.000000000,2,MESH7
2026-05-14T18:48:00.000000000Z,33,1,42003945,7710.000000000,7710.000000000,7710.000000000,7710.000000000,1,MESH7
2026-05-15T09:02:00.000000000Z,33,1,42003945,7635.000000000,7635.000000000,7635.000000000,7635.000000000,1,MESH7
2026-05-22T20:55:00.000000000Z,33,1,42003945,7671.750000000,7671.750000000,7671.750000000,7671.750000000,1,MESH7
2026-05-25T03:08:00.000000000Z,33,1,42003945,7738.000000000,7738.000000000,7738.000000000,7738.000000000,1,MESH7
2026-05-27T22:02:00.000000000Z,33,1,42003945,7750.000000000,7750.000000000,7750.000000000,7750.000000000,1,MESH7
2026-06-03T02:26:00.000000000Z,33,1,42003945,7810.000000000,7810.000000000,7810.000000000,7810.000000000,1,MESH7
2026-06-03T16:41:00.000000000Z,33,1,42003945,7766.000000000,7766.000000000,7766.000000000,7766.000000000,1,MESH7
2026-06-04T18:23:00.000000000Z,33,1,42003945,7806.000000000,7806.000000000,7806.000000000,7806.000000000,1,MESH7
2026-06-04T23:13:00.000000000Z,33,1,42003945,7783.000000000,7783.000000000,7783.000000000,7783.000000000,1,MESH7
2026-06-05T13:54:00.000000000Z,33,1,42003945,7725.000000000,7725.000000000,7725.000000000,7725.000000000,1,MESH7
2026-06-05T15:39:00.000000000Z,33,1,42003945,7694.000000000,7694.000000000,7694.000000000,7694.000000000,1,MESH7
2026-06-05T18:27:00.000000000Z,33,1,42003945,7635.000000000,7635.000000000,7635.000000000,7635.000000000,1,MESH7
2026-06-05T19:15:00.000000000Z,33,1,42003945,7592.000000000,7592.000000000,7592.000000000,7592.000000000,1,MESH7
2026-06-05T19:48:00.000000000Z,33,1,42003945,7616.000000000,7616.000000000,7616.000000000,7616.000000000,1,MESH7
2026-06-05T20:10:00.000000000Z,33,1,42003945,7580.000000000,7580.000000000,7580.000000000,7580.000000000,1,MESH7
2026-06-08T08:26:00.000000000Z,33,1,42003945,7610.000000000,7610.000000000,7610.000000000,7610.000000000,2,MESH7
2026-06-08T11:25:00.000000000Z,33,1,42003945,7640.000000000,7640.000000000,7640.000000000,7640.000000000,2,MESH7
2026-06-08T22:03:00.000000000Z,33,1,42003945,7610.000000000,7610.000000000,7610.000000000,7610.000000000,1,MESH7
2026-06-09T09:15:00.000000000Z,33,1,42003945,7646.000000000,7646.000000000,7646.000000000,7646.000000000,2,MESH7
2026-06-09T14:47:00.000000000Z,33,1,42003945,7595.000000000,7595.000000000,7595.000000000,7595.000000000,1,MESH7
2026-06-09T16:16:00.000000000Z,33,1,42003945,7492.000000000,7492.000000000,7492.000000000,7492.000000000,1,MESH7
2026-06-09T16:19:00.000000000Z,33,1,42003945,7482.000000000,7482.000000000,7469.000000000,7469.000000000,3,MESH7
2026-06-09T16:53:00.000000000Z,33,1,42003945,7450.000000000,7454.000000000,7450.000000000,7454.000000000,2,MESH7
2026-06-11T02:04:00.000000000Z,33,1,42003945,7486.000000000,7486.000000000,7486.000000000,7486.000000000,1,MESH7
2026-06-11T19:45:00.000000000Z,33,1,42003945,7600.000000000,7600.000000000,7600.000000000,7600.000000000,1,MESH7
2026-06-12T03:05:00.000000000Z,33,1,42003945,7594.000000000,7594.000000000,7594.000000000,7594.000000000,1,MESH7
2026-06-12T03:07:00.000000000Z,33,1,42003945,7583.000000000,7583.000000000,7583.000000000,7583.000000000,1,MESH7
2026-06-12T15:21:00.000000000Z,33,1,42003945,7645.000000000,7645.000000000,7645.000000000,7645.000000000,1,MESH7
2026-06-15T06:00:00.000000000Z,33,1,42003945,7725.000000000,7725.000000000,7725.000000000,7725.000000000,1,MESH7
2026-06-15T09:19:00.000000000Z,33,1,42003945,7720.000000000,7720.000000000,7720.000000000,7720.000000000,1,MESH7
2026-06-15T15:45:00.000000000Z,33,1,42003945,7773.000000000,7773.000000000,7773.000000000,7773.000000000,1,MESH7
2026-06-15T17:02:00.000000000Z,33,1,42003945,7776.000000000,7776.000000000,7776.000000000,7776.000000000,1,MESH7
2026-06-16T15:27:00.000000000Z,33,1,42003945,7746.000000000,7746.000000000,7746.000000000,7746.000000000,1,MESH7
2026-06-17T19:41:00.000000000Z,33,1,42003945,7612.000000000,7612.000000000,7612.000000000,7612.000000000,1,MESH7
2026-06-19T02:29:00.000000000Z,33,1,42003945,7670.000000000,7670.000000000,7670.000000000,7670.000000000,1,MESH7
2026-06-23T06:36:00.000000000Z,33,1,42003945,7600.000000000,7600.000000000,7600.000000000,7600.000000000,1,MESH7
2026-06-23T07:00:00.000000000Z,33,1,42003945,7595.000000000,7595.000000000,7595.000000000,7595.000000000,1,MESH7
2026-06-23T08:52:00.000000000Z,33,1,42003945,7580.000000000,7580.000000000,7580.000000000,7580.000000000,1,MESH7
2026-06-24T08:11:00.000000000Z,33,1,42003945,7585.000000000,7585.000000000,7585.000000000,7585.000000000,1,MESH7
2026-06-24T16:39:00.000000000Z,33,1,42003945,7610.000000000,7610.000000000,7610.000000000,7610.000000000,1,MESH7
2026-06-24T17:29:00.000000000Z,33,1,42003945,7564.000000000,7564.000000000,7564.000000000,7564.000000000,1,MESH7
2026-06-24T19:17:00.000000000Z,33,1,42003945,7560.000000000,7560.000000000,7560.000000000,7560.000000000,1,MESH7
2026-06-24T20:07:00.000000000Z,33,1,42003945,7600.000000000,7600.000000000,7600.000000000,7600.000000000,1,MESH7
2026-06-24T20:12:00.000000000Z,33,1,42003945,7612.500000000,7612.500000000,7612.500000000,7612.500000000,1,MESH7
2026-06-25T13:43:00.000000000Z,33,1,42003945,7580.000000000,7580.000000000,7580.000000000,7580.000000000,1,MESH7
2026-06-25T13:46:00.000000000Z,33,1,42003945,7578.000000000,7578.000000000,7578.000000000,7578.000000000,1,MESH7
2026-06-25T13:48:00.000000000Z,33,1,42003945,7559.000000000,7559.000000000,7559.000000000,7559.000000000,1,MESH7
2026-06-25T13:55:00.000000000Z,33,1,42003945,7545.000000000,7545.000000000,7545.000000000,7545.000000000,1,MESH7
2026-06-26T02:37:00.000000000Z,33,1,42003945,7530.000000000,7530.000000000,7530.000000000,7530.000000000,1,MESH7
2026-06-26T02:45:00.000000000Z,33,1,42003945,7530.000000000,7530.000000000,7525.000000000,7525.000000000,2,MESH7
2026-06-26T03:37:00.000000000Z,33,1,42003945,7511.000000000,7511.000000000,7511.000000000,7511.000000000,1,MESH7
2026-06-28T23:30:00.000000000Z,33,1,42003945,7590.000000000,7590.000000000,7590.000000000,7590.000000000,1,MESH7
2026-06-29T10:16:00.000000000Z,33,1,42003945,7590.000000000,7590.000000000,7590.000000000,7590.000000000,2,MESH7
2026-06-29T10:59:00.000000000Z,33,1,42003945,7604.000000000,7604.000000000,7604.000000000,7604.000000000,1,MESH7
2026-06-29T13:44:00.000000000Z,33,1,42003945,7621.250000000,7621.250000000,7621.250000000,7621.250000000,1,MESH7
2026-06-29T13:45:00.000000000Z,33,1,42003945,7621.250000000,7621.250000000,7621.250000000,7621.250000000,1,MESH7
2026-06-29T14:05:00.000000000Z,33,1,42003945,7590.250000000,7590.250000000,7590.250000000,7590.250000000,2,MESH7
2026-06-29T14:18:00.000000000Z,33,1,42003945,7557.500000000,7557.500000000,7557.500000000,7557.500000000,1,MESH7
2026-06-29T14:35:00.000000000Z,33,1,42003945,7600.000000000,7600.000000000,7600.000000000,7600.000000000,1,MESH7
2026-06-29T17:13:00.000000000Z,33,1,42003945,7626.000000000,7626.000000000,7626.000000000,7626.000000000,2,MESH7
2026-06-29T17:34:00.000000000Z,33,1,42003945,7626.000000000,7626.000000000,7626.000000000,7626.000000000,1,MESH7
2026-06-29T18:36:00.000000000Z,33,1,42003945,7631.000000000,7631.000000000,7631.000000000,7631.000000000,1,MESH7
2026-06-30T04:38:00.000000000Z,33,1,42003945,7650.000000000,7650.000000000,7650.000000000,7650.000000000,1,MESH7
2026-06-30T18:49:00.000000000Z,33,1,42003945,7700.000000000,7700.000000000,7700.000000000,7700.000000000,2,MESH7
2026-07-01T13:25:00.000000000Z,33,1,42003945,7680.000000000,7680.000000000,7680.000000000,7680.000000000,1,MESH7
2026-07-01T13:28:00.000000000Z,33,1,42003945,7676.000000000,7676.000000000,7676.000000000,7676.000000000,1,MESH7
2026-07-02T07:43:00.000000000Z,33,1,42003945,7679.000000000,7679.000000000,7679.000000000,7679.000000000,1,MESH7
2026-07-02T16:57:00.000000000Z,33,1,42003945,7644.000000000,7644.000000000,7644.000000000,7644.000000000,1,MESH7
2026-07-02T22:37:00.000000000Z,33,1,42003945,7671.000000000,7671.000000000,7671.000000000,7671.000000000,1,MESH7
2026-07-08T13:43:00.000000000Z,33,1,42003945,7668.000000000,7668.000000000,7668.000000000,7668.000000000,1,MESH7
2026-07-08T15:26:00.000000000Z,33,1,42003945,7614.750000000,7614.750000000,7614.750000000,7614.750000000,2,MESH7
2026-07-08T15:27:00.000000000Z,33,1,42003945,7610.000000000,7610.000000000,7610.000000000,7610.000000000,1,MESH7
2026-07-08T15:45:00.000000000Z,33,1,42003945,7635.000000000,7635.000000000,7635.000000000,7635.000000000,1,MESH7
2026-07-08T16:09:00.000000000Z,33,1,42003945,7627.000000000,7627.000000000,7627.000000000,7627.000000000,1,MESH7
2026-07-09T17:37:00.000000000Z,33,1,42003945,7735.250000000,7735.250000000,7735.250000000,7735.250000000,1,MESH7
2026-07-09T19:16:00.000000000Z,33,1,42003945,7734.500000000,7734.500000000,7734.500000000,7734.500000000,2,MESH7
2026-07-10T13:30:00.000000000Z,33,1,42003945,7736.500000000,7736.500000000,7736.500000000,7736.500000000,2,MESH7
2026-07-10T16:16:00.000000000Z,33,1,42003945,7750.000000000,7750.000000000,7750.000000000,7750.000000000,1,MESH7
2026-07-10T17:35:00.000000000Z,33,1,42003945,7756.000000000,7756.000000000,7756.000000000,7756.000000000,1,MESH7
2026-07-10T19:31:00.000000000Z,33,1,42003945,7758.000000000,7758.000000000,7758.000000000,7758.000000000,1,MESH7
2026-07-10T19:49:00.000000000Z,33,1,42003945,7760.000000000,7760.000000000,7760.000000000,7760.000000000,1,MESH7
2026-07-13T13:40:00.000000000Z,33,1,42003945,7740.000000000,7740.000000000,7740.000000000,7740.000000000,1,MESH7
2026-07-13T15:20:00.000000000Z,33,1,42003945,7735.000000000,7735.000000000,7735.000000000,7735.000000000,1,MESH7
2026-07-13T15:26:00.000000000Z,33,1,42003945,7735.000000000,7735.000000000,7735.000000000,7735.000000000,1,MESH7
2026-07-14T12:30:00.000000000Z,33,1,42003945,7735.000000000,7735.000000000,7735.000000000,7735.000000000,1,MESH7
2026-07-15T05:00:00.000000000Z,33,1,42003945,7750.000000000,7750.000000000,7750.000000000,7750.000000000,1,MESH7
2026-07-17T13:21:00.000000000Z,33,1,42003945,7631.000000000,7631.000000000,7631.000000000,7631.000000000,1,MESH7
2026-07-17T14:09:00.000000000Z,33,1,42003945,7675.000000000,7675.000000000,7675.000000000,7675.000000000,1,MESH7
2026-07-17T18:58:00.000000000Z,33,1,42003945,7657.250000000,7657.250000000,7657.250000000,7657.250000000,1,MESH7
2026-07-17T20:06:00.000000000Z,33,1,42003945,7640.000000000,7640.000000000,7640.000000000,7640.000000000,7,MESH7
2026-07-20T04:42:00.000000000Z,33,1,42003945,7650.000000000,7650.000000000,7650.000000000,7650.000000000,1,MESH7
2026-07-20T13:35:00.000000000Z,33,1,42003945,7685.000000000,7685.000000000,7685.000000000,7685.000000000,1,MESH7
2026-07-20T13:37:00.000000000Z,33,1,42003945,7688.250000000,7688.250000000,7688.250000000,7688.250000000,1,MESH7
2026-07-20T20:26:00.000000000Z,33,1,42003945,7621.000000000,7621.000000000,7621.000000000,7621.000000000,1,MESH7
2026-07-21T03:01:00.000000000Z,33,1,42003945,7641.250000000,7641.250000000,7641.250000000,7641.250000000,1,MESH7
2026-07-21T14:27:00.000000000Z,33,1,42003945,7670.000000000,7670.000000000,7670.000000000,7670.000000000,1,MESH7
2026-07-21T15:21:00.000000000Z,33,1,42003945,7680.000000000,7680.000000000,7680.000000000,7680.000000000,1,MESH7
2026-07-22T13:31:00.000000000Z,33,1,42003945,7675.000000000,7675.000000000,7675.000000000,7675.000000000,1,MESH7
2026-07-22T15:45:00.000000000Z,33,1,42003945,7692.000000000,7694.000000000,7692.000000000,7694.000000000,10,MESH7
2026-07-22T15:46:00.000000000Z,33,1,42003945,7695.000000000,7695.000000000,7695.000000000,7695.000000000,5,MESH7
2026-07-22T15:47:00.000000000Z,33,1,42003945,7694.000000000,7694.000000000,7694.000000000,7694.000000000,5,MESH7
2026-07-23T12:30:00.000000000Z,33,1,42003945,7622.000000000,7622.000000000,7622.000000000,7622.000000000,1,MESH7
2026-07-23T12:42:00.000000000Z,33,1,42003945,7612.000000000,7612.000000000,7612.000000000,7612.000000000,1,MESH7
2026-07-23T13:43:00.000000000Z,33,1,42003945,7629.250000000,7629.250000000,7629.250000000,7629.250000000,1,MESH7
2026-07-24T12:00:00.000000000Z,33,1,42003945,7605.750000000,7605.750000000,7605.750000000,7605.750000000,1,MESH7
2026-07-24T12:45:00.000000000Z,33,1,42003945,7592.500000000,7592.500000000,7592.500000000,7592.500000000,1,MESH7
2026-07-24T12:47:00.000000000Z,33,1,42003945,7589.750000000,7589.750000000,7589.750000000,7589.750000000,1,MESH7
2026-07-24T13:10:00.000000000Z,33,1,42003945,7596.750000000,7596.750000000,7596.750000000,7596.750000000,1,MESH7
2026-07-24T13:17:00.000000000Z,33,1,42003945,7595.250000000,7595.250000000,7595.250000000,7595.250000000,1,MESH7
2026-07-24T15:11:00.000000000Z,33,1,42003945,7615.000000000,7615.000000000,7615.000000000,7615.000000000,1,MESH7
2026-07-24T15:19:00.000000000Z,33,1,42003945,7616.250000000,7616.250000000,7616.250000000,7616.250000000,1,MESH7
2026-07-24T15:22:00.000000000Z,33,1,42003945,7619.000000000,7619.000000000,7619.000000000,7619.000000000,1,MESH7
2026-07-24T16:23:00.000000000Z,33,1,42003945,7630.000000000,7630.000000000,7630.000000000,7630.000000000,1,MESH7
2026-07-24T16:44:00.000000000Z,33,1,42003945,7618.000000000,7618.000000000,7618.000000000,7618.000000000,1,MESH7
2026-07-24T16:47:00.000000000Z,33,1,42003945,7616.000000000,7616.000000000,7616.000000000,7616.000000000,1,MESH7
2026-07-27T15:19:00.000000000Z,33,1,42003945,7580.000000000,7580.000000000,7580.000000000,7580.000000000,5,MESH7
2026-07-27T18:51:00.000000000Z,33,1,42003945,7575.500000000,7575.500000000,7575.500000000,7575.500000000,1,MESH7
2026-07-28T11:35:00.000000000Z,33,1,42003945,7589.500000000,7589.500000000,7589.500000000,7589.500000000,1,MESH7
2026-07-28T12:44:00.000000000Z,33,1,42003945,7600.000000000,7600.000000000,7600.000000000,7600.000000000,1,MESH7
2026-07-28T13:50:00.000000000Z,33,1,42003945,7572.000000000,7572.000000000,7572.000000000,7572.000000000,5,MESH7
2026-07-28T23:36:00.000000000Z,33,1,42003945,7603.250000000,7603.250000000,7603.250000000,7603.250000000,3,MESH7
2026-07-28T23:49:00.000000000Z,33,1,42003945,7636.000000000,7636.000000000,7636.000000000,7636.000000000,3,MESH7
2026-07-28T23:50:00.000000000Z,33,1,42003945,7627.750000000,7627.750000000,7627.750000000,7627.750000000,1,MESH7
2026-07-28T23:51:00.000000000Z,33,1,42003945,7627.750000000,7627.750000000,7627.750000000,7627.750000000,2,MESH7
2026-07-29T00:02:00.000000000Z,33,1,42003945,7640.000000000,7640.000000000,7640.000000000,7640.000000000,3,MESH7
2026-07-29T00:03:00.000000000Z,33,1,42003945,7630.500000000,7630.500000000,7630.500000000,7630.500000000,3,MESH7
2026-07-29T01:16:00.000000000Z,33,1,42003945,7620.750000000,7620.750000000,7620.750000000,7620.750000000,3,MESH7
2026-07-29T01:18:00.000000000Z,33,1,42003945,7606.500000000,7606.500000000,7606.500000000,7606.500000000,3,MESH7
2026-07-29T01:58:00.000000000Z,33,1,42003945,7606.750000000,7606.750000000,7606.750000000,7606.750000000,3,MESH7
2026-07-29T06:30:00.000000000Z,33,1,42003945,7600.000000000,7600.000000000,7600.000000000,7600.000000000,1,MESH7
2026-07-29T12:35:00.000000000Z,33,1,42003945,7613.250000000,7613.250000000,7612.500000000,7612.500000000,2,MESH7
2026-07-29T12:36:00.000000000Z,33,1,42003945,7612.750000000,7612.750000000,7612.750000000,7612.750000000,1,MESH7
2026-07-29T15:41:00.000000000Z,33,1,42003945,7536.500000000,7536.500000000,7536.500000000,7536.500000000,5,MESH7
2026-07-29T15:55:00.000000000Z,33,1,42003945,7529.000000000,7529.000000000,7529.000000000,7529.000000000,1,MESH7
2026-07-29T15:56:00.000000000Z,33,1,42003945,7528.500000000,7528.500000000,7528.500000000,7528.500000000,1,MESH7
2026-07-29T16:04:00.000000000Z,33,1,42003945,7526.000000000,7526.000000000,7526.000000000,7526.000000000,1,MESH7
2026-07-29T16:34:00.000000000Z,33,1,42003945,7535.000000000,7535.000000000,7535.000000000,7535.000000000,5,MESH7
2026-07-29T16:42:00.000000000Z,33,1,42003945,7530.000000000,7530.000000000,7530.000000000,7530.000000000,5,MESH7
2026-07-29T16:57:00.000000000Z,33,1,42003945,7540.000000000,7540.000000000,7540.000000000,7540.000000000,10,MESH7
2026-07-29T17:00:00.000000000Z,33,1,42003945,7543.750000000,7543.750000000,7539.250000000,7539.250000000,7,MESH7
2026-07-29T17:01:00.000000000Z,33,1,42003945,7539.000000000,7540.250000000,7539.000000000,7540.250000000,4,MESH7
2026-07-29T17:04:00.000000000Z,33,1,42003945,7545.500000000,7545.500000000,7545.500000000,7545.500000000,1,MESH7
2026-07-29T17:14:00.000000000Z,33,1,42003945,7566.000000000,7566.000000000,7566.000000000,7566.000000000,15,MESH7
2026-07-29T18:00:00.000000000Z,33,1,42003945,7591.500000000,7591.500000000,7591.500000000,7591.500000000,10,MESH7
2026-07-29T19:50:00.000000000Z,33,1,42003945,7511.250000000,7511.250000000,7511.250000000,7511.250000000,1,MESH7
2026-07-29T19:52:00.000000000Z,33,1,42003945,7498.750000000,7498.750000000,7498.750000000,7498.750000000,1,MESH7
2026-07-29T20:00:00.000000000Z,33,1,42003945,7485.000000000,7485.000000000,7481.250000000,7481.250000000,5,MESH7
2026-07-29T20:12:00.000000000Z,33,1,42003945,7474.000000000,7474.000000000,7474.000000000,7474.000000000,1,MESH7
2026-07-29T23:23:00.000000000Z,33,1,42003945,7520.000000000,7520.000000000,7520.000000000,7520.000000000,4,MESH7
2026-07-30T10:53:00.000000000Z,33,1,42003945,7530.000000000,7530.000000000,7530.000000000,7530.000000000,2,MESH7
2026-07-30T12:04:00.000000000Z,33,1,42003945,7541.000000000,7541.000000000,7541.000000000,7541.000000000,1,MESH7
2026-07-30T12:12:00.000000000Z,33,1,42003945,7541.000000000,7541.000000000,7541.000000000,7541.000000000,1,MESH7
2026-07-30T13:43:00.000000000Z,33,1,42003945,7555.000000000,7555.000000000,7555.000000000,7555.000000000,1,MESH7
2026-07-30T17:05:00.000000000Z,33,1,42003945,7585.500000000,7585.500000000,7585.500000000,7585.500000000,8,MESH7
2026-07-30T17:14:00.000000000Z,33,1,42003945,7597.000000000,7597.000000000,7597.000000000,7597.000000000,8,MESH7
2026-07-30T17:41:00.000000000Z,33,1,42003945,7592.250000000,7592.250000000,7592.250000000,7592.250000000,1,MESH7
2026-07-30T17:43:00.000000000Z,33,1,42003945,7593.000000000,7593.000000000,7593.000000000,7593.000000000,2,MESH7
2026-07-30T19:01:00.000000000Z,33,1,42003945,7603.750000000,7603.750000000,7603.750000000,7603.750000000,1,MESH7
2026-07-30T19:03:00.000000000Z,33,1,42003945,7607.250000000,7607.250000000,7607.250000000,7607.250000000,1,MESH7
2026-07-30T20:07:00.000000000Z,33,1,42003945,7629.000000000,7629.000000000,7629.000000000,7629.000000000,1,MESH7
2026-07-30T23:00:00.000000000Z,33,1,42003945,7625.000000000,7625.000000000,7625.000000000,7625.000000000,1,MESH7
2026-07-31T12:16:00.000000000Z,33,1,42003945,7623.500000000,7623.500000000,7623.500000000,7623.500000000,1,MESH7
2026-07-31T12:18:00.000000000Z,33,1,42003945,7623.750000000,7623.750000000,7623.750000000,7623.750000000,1,MESH7
2026-07-31T14:15:00.000000000Z,33,1,42003945,7576.250000000,7578.250000000,7576.250000000,7578.250000000,3,MESH7
2026-07-31T14:49:00.000000000Z,33,1,42003945,7620.000000000,7620.000000000,7620.000000000,7620.000000000,1,MESH7
2026-07-31T15:25:00.000000000Z,33,1,42003945,7605.000000000,7605.000000000,7605.000000000,7605.000000000,1,MESH7
2026-07-31T17:24:00.000000000Z,33,1,42003945,7649.000000000,7649.000000000,7649.000000000,7649.000000000,1,MESH7
2026-07-31T17:39:00.000000000Z,33,1,42003945,7649.250000000,7649.250000000,7649.250000000,7649.250000000,1,MESH7
2026-07-31T17:44:00.000000000Z,33,1,42003945,7650.750000000,7650.750000000,7650.750000000,7650.750000000,1,MESH7
2026-07-31T19:17:00.000000000Z,33,1,42003945,7658.000000000,7658.000000000,7658.000000000,7658.000000000,1,MESH7
2026-07-31T19:49:00.000000000Z,33,1,42003945,7678.000000000,7678.000000000,7678.000000000,7678.000000000,1,MESH7
2026-08-02T22:02:00.000000000Z,33,1,42003945,7681.250000000,7681.250000000,7681.250000000,7681.250000000,1,MESH7
2026-08-02T23:18:00.000000000Z,33,1,42003945,7694.250000000,7694.250000000,7694.250000000,7694.250000000,1,MESH7
2026-08-03T01:52:00.000000000Z,33,1,42003945,7697.000000000,7697.000000000,7697.000000000,7697.000000000,1,MESH7
2026-08-03T02:58:00.000000000Z,33,1,42003945,7694.000000000,7694.000000000,7694.000000000,7694.000000000,1,MESH7
2026-08-03T10:31:00.000000000Z,33,1,42003945,7698.000000000,7698.000000000,7698.000000000,7698.000000000,1,MESH7
2026-08-03T11:48:00.000000000Z,33,1,42003945,7701.000000000,7701.000000000,7701.000000000,7701.000000000,1,MESH7
2026-08-03T13:25:00.000000000Z,33,1,42003945,7703.000000000,7703.000000000,7703.000000000,7703.000000000,1,MESH7
2026-08-03T13:34:00.000000000Z,33,1,42003945,7702.000000000,7702.000000000,7702.000000000,7702.000000000,1,MESH7
2026-08-03T13:53:00.000000000Z,33,1,42003945,7721.000000000,7721.000000000,7721.000000000,7721.000000000,1,MESH7
2026-08-03T14:54:00.000000000Z,33,1,42003945,7742.000000000,7742.000000000,7742.000000000,7742.000000000,1,MESH7
2026-08-03T15:13:00.000000000Z,33,1,42003945,7745.000000000,7745.000000000,7745.000000000,7745.000000000,1,MESH7
2026-08-03T17:35:00.000000000Z,33,1,42003945,7768.000000000,7768.000000000,7768.000000000,7768.000000000,1,MESH7
2026-08-03T18:12:00.000000000Z,33,1,42003945,7777.250000000,7777.250000000,7777.250000000,7777.250000000,1,MESH7
2026-08-03T19:39:00.000000000Z,33,1,42003945,7777.250000000,7777.250000000,7777.250000000,7777.250000000,1,MESH7
2026-08-03T19:40:00.000000000Z,33,1,42003945,7777.000000000,7777.000000000,7777.000000000,7777.000000000,1,MESH7
2026-08-03T19:41:00.000000000Z,33,1,42003945,7778.000000000,7778.000000000,7778.000000000,7778.000000000,4,MESH7
2026-08-03T19:42:00.000000000Z,33,1,42003945,7777.250000000,7777.250000000,7777.250000000,7777.250000000,4,MESH7
2026-08-03T19:43:00.000000000Z,33,1,42003945,7778.000000000,7778.000000000,7778.000000000,7778.000000000,8,MESH7
2026-08-03T19:44:00.000000000Z,33,1,42003945,7778.500000000,7778.500000000,7778.500000000,7778.500000000,4,MESH7
2026-08-03T19:53:00.000000000Z,33,1,42003945,7778.000000000,7778.000000000,7778.000000000,7778.000000000,1,MESH7
2026-08-03T20:05:00.000000000Z,33,1,42003945,7772.000000000,7772.000000000,7772.000000000,7772.000000000,1,MESH7
2026-08-03T22:03:00.000000000Z,33,1,42003945,7773.000000000,7773.000000000,7773.000000000,7773.000000000,1,MESH7
2026-08-04T01:43:00.000000000Z,33,1,42003945,7780.250000000,7780.250000000,7780.250000000,7780.250000000,1,MESH7
2026-08-04T06:12:00.000000000Z,33,1,42003945,7801.500000000,7801.500000000,7801.500000000,7801.500000000,5,MESH7
2026-08-04T06:13:00.000000000Z,33,1,42003945,7801.500000000,7801.500000000,7801.500000000,7801.500000000,5,MESH7
2026-08-04T06:18:00.000000000Z,33,1,42003945,7795.000000000,7797.000000000,7795.000000000,7797.000000000,5,MESH7
2026-08-04T06:31:00.000000000Z,33,1,42003945,7793.000000000,7793.000000000,7793.000000000,7793.000000000,1,MESH7
2026-08-04T06:34:00.000000000Z,33,1,42003945,7793.000000000,7793.000000000,7793.000000000,7793.000000000,4,MESH7
2026-08-04T13:50:00.000000000Z,33,1,42003945,7820.000000000,7820.000000000,7820.000000000,7820.000000000,1,MESH7
2026-08-04T14:12:00.000000000Z,33,1,42003945,7850.250000000,7850.250000000,7850.250000000,7850.250000000,1,MESH7
2026-08-04T14:21:00.000000000Z,33,1,42003945,7842.000000000,7842.000000000,7842.000000000,7842.000000000,1,MESH7
2026-08-04T14:23:00.000000000Z,33,1,42003945,7832.000000000,7832.000000000,7832.000000000,7832.000000000,1,MESH7
2026-08-04T14:38:00.000000000Z,33,1,42003945,7851.000000000,7851.000000000,7851.000000000,7851.000000000,2,MESH7
2026-08-04T15:16:00.000000000Z,33,1,42003945,7866.000000000,7866.000000000,7866.000000000,7866.000000000,3,MESH7
2026-08-04T15:28:00.000000000Z,33,1,42003945,7871.000000000,7871.000000000,7871.000000000,7871.000000000,1,MESH7
2026-08-04T16:16:00.000000000Z,33,1,42003945,7880.000000000,7880.000000000,7880.000000000,7880.000000000,1,MESH7
2026-08-04T16:47:00.000000000Z,33,1,42003945,7896.000000000,7896.000000000,7895.000000000,7895.000000000,10,MESH7
2026-08-04T16:48:00.000000000Z,33,1,42003945,7896.500000000,7896.500000000,7893.750000000,7896.500000000,11,MESH7
2026-08-04T16:53:00.000000000Z,33,1,42003945,7895.500000000,7895.500000000,7895.500000000,7895.500000000,1,MESH7
2026-08-04T16:54:00.000000000Z,33,1,42003945,7900.000000000,7904.750000000,7900.000000000,7904.750000000,2,MESH7
2026-08-04T17:20:00.000000000Z,33,1,42003945,7910.000000000,7910.000000000,7910.000000000,7910.000000000,1,MESH7
2026-08-04T17:37:00.000000000Z,33,1,42003945,7907.750000000,7907.750000000,7907.750000000,7907.750000000,1,MESH7
2026-08-04T17:39:00.000000000Z,33,1,42003945,7915.000000000,7915.000000000,7915.000000000,7915.000000000,1,MESH7
2026-08-04T19:19:00.000000000Z,33,1,42003945,7925.000000000,7925.000000000,7925.000000000,7925.000000000,1,MESH7
2026-08-04T22:19:00.000000000Z,33,1,42003945,7928.000000000,7928.000000000,7928.000000000,7928.000000000,1,MESH7
2026-08-05T04:17:00.000000000Z,33,1,42003945,7929.500000000,7929.500000000,7929.500000000,7929.500000000,1,MESH7
2026-08-05T04:28:00.000000000Z,33,1,42003945,7936.250000000,7936.250000000,7936.250000000,7936.250000000,3,MESH7
2026-08-05T04:31:00.000000000Z,33,1,42003945,7937.250000000,7937.500000000,7937.000000000,7937.500000000,3,MESH7
2026-08-05T05:37:00.000000000Z,33,1,42003945,7938.250000000,7938.250000000,7938.250000000,7938.250000000,1,MESH7
2026-08-05T08:04:00.000000000Z,33,1,42003945,7941.000000000,7941.000000000,7941.000000000,7941.000000000,1,MESH7
2026-08-05T08:11:00.000000000Z,33,1,42003945,7938.000000000,7938.000000000,7938.000000000,7938.000000000,2,MESH7
2026-08-05T08:14:00.000000000Z,33,1,42003945,7935.500000000,7935.500000000,7935.500000000,7935.500000000,1,MESH7
2026-08-05T08:31:00.000000000Z,33,1,42003945,7921.500000000,7921.500000000,7921.500000000,7921.500000000,1,MESH7
2026-08-05T10:32:00.000000000Z,33,1,42003945,7940.250000000,7940.250000000,7940.250000000,7940.250000000,1,MESH7
2026-08-05T11:27:00.000000000Z,33,1,42003945,7940.500000000,7940.500000000,7940.500000000,7940.500000000,1,MESH7
2026-08-05T13:35:00.000000000Z,33,1,42003945,7956.250000000,7956.250000000,7956.250000000,7956.250000000,1,MESH7
2026-08-05T13:39:00.000000000Z,33,1,42003945,7963.000000000,7963.000000000,7963.000000000,7963.000000000,1,MESH7
2026-08-05T14:11:00.000000000Z,33,1,42003945,7963.750000000,7963.750000000,7963.750000000,7963.750000000,2,MESH7
2026-08-05T14:12:00.000000000Z,33,1,42003945,7955.000000000,7955.000000000,7955.000000000,7955.000000000,2,MESH7
2026-08-05T14:41:00.000000000Z,33,1,42003945,7937.500000000,7937.500000000,7937.500000000,7937.500000000,1,MESH7
2026-08-05T14:53:00.000000000Z,33,1,42003945,7931.000000000,7931.000000000,7931.000000000,7931.000000000,1,MESH7
2026-08-05T15:26:00.000000000Z,33,1,42003945,7918.750000000,7918.750000000,7918.750000000,7918.750000000,2,MESH7
2026-08-05T16:06:00.000000000Z,33,1,42003945,7905.250000000,7905.250000000,7905.250000000,7905.250000000,1,MESH7
2026-08-05T16:15:00.000000000Z,33,1,42003945,7900.250000000,7900.250000000,7900.250000000,7900.250000000,1,MESH7
2026-08-05T16:19:00.000000000Z,33,1,42003945,7902.250000000,7902.250000000,7902.250000000,7902.250000000,3,MESH7
2026-08-05T16:26:00.000000000Z,33,1,42003945,7911.000000000,7911.000000000,7911.000000000,7911.000000000,3,MESH7
2026-08-05T16:28:00.000000000Z,33,1,42003945,7912.000000000,7912.250000000,7912.000000000,7912.250000000,6,MESH7
2026-08-05T16:29:00.000000000Z,33,1,42003945,7913.000000000,7913.000000000,7913.000000000,7913.000000000,3,MESH7
2026-08-05T16:30:00.000000000Z,33,1,42003945,7915.000000000,7915.000000000,7915.000000000,7915.000000000,1,MESH7
2026-08-05T16:40:00.000000000Z,33,1,42003945,7910.000000000,7910.000000000,7910.000000000,7910.000000000,1,MESH7
2026-08-05T16:45:00.000000000Z,33,1,42003945,7905.500000000,7905.500000000,7905.500000000,7905.500000000,1,MESH7
2026-08-05T18:32:00.000000000Z,33,1,42003945,7907.500000000,7907.500000000,7905.250000000,7905.250000000,2,MESH7
2026-08-05T18:33:00.000000000Z,33,1,42003945,7907.500000000,7907.500000000,7907.500000000,7907.500000000,2,MESH7
2026-08-05T19:18:00.000000000Z,33,1,42003945,7911.750000000,7911.750000000,7911.750000000,7911.750000000,1,MESH7
2026-08-05T19:43:00.000000000Z,33,1,42003945,7914.500000000,7914.500000000,7914.500000000,7914.500000000,1,MESH7
2026-08-05T19:56:00.000000000Z,33,1,42003945,7911.000000000,7911.000000000,7911.000000000,7911.000000000,1,MESH7
2026-08-05T20:21:00.000000000Z,33,1,42003945,7900.000000000,7900.000000000,7900.000000000,7900.000000000,1,MESH7
2026-08-05T22:22:00.000000000Z,33,1,42003945,7910.000000000,7910.000000000,7910.000000000,7910.000000000,2,MESH7
2026-08-05T22:23:00.000000000Z,33,1,42003945,7910.000000000,7910.000000000,7910.000000000,7910.000000000,1,MESH7
2026-08-05T22:24:00.000000000Z,33,1,42003945,7910.000000000,7910.000000000,7910.000000000,7910.000000000,2,MESH7
2026-08-06T09:16:00.000000000Z,33,1,42003945,7907.500000000,7907.500000000,7907.500000000,7907.500000000,5,MESH7
2026-08-06T10:41:00.000000000Z,33,1,42003945,7907.500000000,7907.500000000,7907.500000000,7907.500000000,1,MESH7
2026-08-06T12:25:00.000000000Z,33,1,42003945,7900.000000000,7900.000000000,7900.000000000,7900.000000000,1,MESH7
2026-08-06T13:09:00.000000000Z,33,1,42003945,7890.000000000,7890.000000000,7890.000000000,7890.000000000,1,MESH7
2026-08-06T13:15:00.000000000Z,33,1,42003945,7889.750000000,7889.750000000,7889.750000000,7889.750000000,80,MESH7
2026-08-06T13:16:00.000000000Z,33,1,42003945,7888.000000000,7888.000000000,7888.000000000,7888.000000000,268,MESH7
2026-08-06T13:17:00.000000000Z,33,1,42003945,7888.000000000,7888.000000000,7888.000000000,7888.000000000,52,MESH7
2026-08-06T13:26:00.000000000Z,33,1,42003945,7889.000000000,7889.000000000,7889.000000000,7889.000000000,20,MESH7
2026-08-06T13:27:00.000000000Z,33,1,42003945,7889.750000000,7889.750000000,7889.750000000,7889.750000000,180,MESH7
2026-08-06T13:32:00.000000000Z,33,1,42003945,7889.000000000,7889.000000000,7889.000000000,7889.000000000,100,MESH7
2026-08-06T13:34:00.000000000Z,33,1,42003945,7883.500000000,7883.500000000,7883.500000000,7883.500000000,1,MESH7
2026-08-06T13:40:00.000000000Z,33,1,42003945,7886.000000000,7886.000000000,7886.000000000,7886.000000000,1,MESH7
2026-08-06T14:15:00.000000000Z,33,1,42003945,7915.750000000,7915.750000000,7915.750000000,7915.750000000,1,MESH7
2026-08-06T14:20:00.000000000Z,33,1,42003945,7911.000000000,7911.000000000,7911.000000000,7911.000000000,1,MESH7
2026-08-06T15:03:00.000000000Z,33,1,42003945,7904.000000000,7904.000000000,7904.000000000,7904.000000000,1,MESH7
2026-08-06T15:24:00.000000000Z,33,1,42003945,7880.000000000,7880.000000000,7880.000000000,7880.000000000,1,MESH7
2026-08-06T15:33:00.000000000Z,33,1,42003945,7883.000000000,7883.000000000,7883.000000000,7883.000000000,1,MESH7
2026-08-06T15:41:00.000000000Z,33,1,42003945,7876.250000000,7876.250000000,7876.250000000,7876.250000000,1,MESH7
2026-08-06T15:59:00.000000000Z,33,1,42003945,7870.750000000,7870.750000000,7870.750000000,7870.750000000,1,MESH7
2026-08-06T18:14:00.000000000Z,33,1,42003945,7880.000000000,7880.000000000,7880.000000000,7880.000000000,1,MESH7
2026-08-06T18:17:00.000000000Z,33,1,42003945,7890.750000000,7890.750000000,7890.750000000,7890.750000000,1,MESH7
2026-08-06T20:01:00.000000000Z,33,1,42003945,7881.750000000,7881.750000000,7881.750000000,7881.750000000,1,MESH7
2026-08-07T02:31:00.000000000Z,33,1,42003945,7870.000000000,7870.000000000,7870.000000000,7870.000000000,100,MESH7
2026-08-07T09:24:00.000000000Z,33,1,42003945,7891.000000000,7891.000000000,7891.000000000,7891.000000000,1,MESH7
2026-08-07T12:28:00.000000000Z,33,1,42003945,7900.000000000,7900.000000000,7900.000000000,7900.000000000,1,MESH7
2026-08-07T12:30:00.000000000Z,33,1,42003945,7913.250000000,7913.250000000,7913.250000000,7913.250000000,3,MESH7
2026-08-07T12:39:00.000000000Z,33,1,42003945,7917.000000000,7917.000000000,7917.000000000,7917.000000000,1,MESH7
2026-08-07T12:40:00.000000000Z,33,1,42003945,7919.000000000,7919.000000000,7919.000000000,7919.000000000,1,MESH7
2026-08-07T13:01:00.000000000Z,33,1,42003945,7916.000000000,7916.000000000,7916.000000000,7916.000000000,1,MESH7
2026-08-07T14:04:00.000000000Z,33,1,42003945,7897.250000000,7897.250000000,7897.250000000,7897.250000000,1,MESH7
2026-08-07T14:18:00.000000000Z,33,1,42003945,7902.500000000,7902.500000000,7902.500000000,7902.500000000,1,MESH7
2026-08-07T14:35:00.000000000Z,33,1,42003945,7914.750000000,7914.750000000,7914.750000000,7914.750000000,1,MESH7
2026-08-07T14:58:00.000000000Z,33,1,42003945,7919.000000000,7919.000000000,7919.000000000,7919.000000000,1,MESH7
2026-08-07T15:10:00.000000000Z,33,1,42003945,7919.000000000,7919.000000000,7919.000000000,7919.000000000,1,MESH7
2026-08-07T16:25:00.000000000Z,33,1,42003945,7912.250000000,7912.250000000,7912.250000000,7912.250000000,1,MESH7
2026-08-07T16:41:00.000000000Z,33,1,42003945,7914.750000000,7914.750000000,7914.750000000,7914.750000000,1,MESH7
2026-08-07T17:06:00.000000000Z,33,1,42003945,7910.000000000,7910.000000000,7910.000000000,7910.000000000,1,MESH7
2026-08-07T18:11:00.000000000Z,33,1,42003945,7912.000000000,7912.000000000,7912.000000000,7912.000000000,1,MESH7
2026-08-07T19:06:00.000000000Z,33,1,42003945,7914.500000000,7914.500000000,7914.500000000,7914.500000000,1,MESH7
2026-08-07T19:58:00.000000000Z,33,1,42003945,7925.000000000,7925.000000000,7925.000000000,7925.000000000,1,MESH7
2026-08-07T20:01:00.000000000Z,33,1,42003945,7926.000000000,7926.000000000,7926.000000000,7926.000000000,1,MESH7
2026-08-09T22:08:00.000000000Z,33,1,42003945,7921.500000000,7921.500000000,7921.500000000,7921.500000000,1,MESH7
2026-08-10T03:33:00.000000000Z,33,1,42003945,7925.500000000,7925.500000000,7925.500000000,7925.500000000,1,MESH7
2026-08-10T05:04:00.000000000Z,33,1,42003945,7928.250000000,7928.250000000,7928.250000000,7928.250000000,1,MESH7
2026-08-10T05:25:00.000000000Z,33,1,42003945,7929.750000000,7929.750000000,7929.750000000,7929.750000000,2,MESH7
2026-08-10T12:23:00.000000000Z,33,1,42003945,7922.000000000,7922.000000000,7922.000000000,7922.000000000,1,MESH7
2026-08-10T12:24:00.000000000Z,33,1,42003945,7923.000000000,7923.000000000,7923.000000000,7923.000000000,1,MESH7
2026-08-10T12:34:00.000000000Z,33,1,42003945,7921.500000000,7921.500000000,7921.500000000,7921.500000000,2,MESH7
2026-08-10T13:33:00.000000000Z,33,1,42003945,7925.000000000,7925.000000000,7925.000000000,7925.000000000,1,MESH7
2026-08-10T13:46:00.000000000Z,33,1,42003945,7915.000000000,7915.000000000,7915.000000000,7915.000000000,50,MESH7
2026-08-10T13:50:00.000000000Z,33,1,42003945,7920.000000000,7920.000000000,7918.000000000,7918.000000000,50,MESH7
2026-08-10T14:26:00.000000000Z,33,1,42003945,7928.250000000,7928.250000000,7928.250000000,7928.250000000,1,MESH7
2026-08-10T14:27:00.000000000Z,33,1,42003945,7927.000000000,7927.000000000,7927.000000000,7927.000000000,24,MESH7
2026-08-10T14:47:00.000000000Z,33,1,42003945,7937.000000000,7937.000000000,7937.000000000,7937.000000000,1,MESH7
2026-08-10T15:05:00.000000000Z,33,1,42003945,7928.500000000,7928.500000000,7928.500000000,7928.500000000,1,MESH7
2026-08-10T16:44:00.000000000Z,33,1,42003945,7910.000000000,7910.000000000,7910.000000000,7910.000000000,1,MESH7
2026-08-10T19:08:00.000000000Z,33,1,42003945,7929.000000000,7929.000000000,7929.000000000,7929.000000000,1,MESH7
2026-08-10T19:09:00.000000000Z,33,1,42003945,7918.750000000,7918.750000000,7918.750000000,7918.750000000,1,MESH7
2026-08-10T19:14:00.000000000Z,33,1,42003945,7929.000000000,7929.000000000,7929.000000000,7929.000000000,1,MESH7
2026-08-10T19:21:00.000000000Z,33,1,42003945,7916.750000000,7916.750000000,7916.750000000,7916.750000000,1,MESH7
2026-08-10T19:52:00.000000000Z,33,1,42003945,7917.000000000,7917.000000000,7917.000000000,7917.000000000,1,MESH7
2026-08-11T03:30:00.000000000Z,33,1,42003945,7929.750000000,7929.750000000,7929.750000000,7929.750000000,1,MESH7
2026-08-11T03:31:00.000000000Z,33,1,42003945,7929.250000000,7929.250000000,7929.250000000,7929.250000000,1,MESH7
2026-08-11T07:23:00.000000000Z,33,1,42003945,7917.500000000,7917.500000000,7917.500000000,7917.500000000,2,MESH7
2026-08-11T10:08:00.000000000Z,33,1,42003945,7918.000000000,7918.000000000,7918.000000000,7918.000000000,10,MESH7
2026-08-11T11:04:00.000000000Z,33,1,42003945,7937.250000000,7937.250000000,7937.250000000,7937.250000000,1,MESH7
2026-08-11T11:05:00.000000000Z,33,1,42003945,7935.000000000,7935.000000000,7935.000000000,7935.000000000,1,MESH7
2026-08-11T13:32:00.000000000Z,33,1,42003945,7923.000000000,7923.000000000,7923.000000000,7923.000000000,1,MESH7
2026-08-11T13:36:00.000000000Z,33,1,42003945,7920.000000000,7920.000000000,7920.000000000,7920.000000000,1,MESH7
2026-08-11T13:46:00.000000000Z,33,1,42003945,7920.000000000,7920.000000000,7920.000000000,7920.000000000,1,MESH7
2026-08-11T14:04:00.000000000Z,33,1,42003945,7925.000000000,7925.000000000,7925.000000000,7925.000000000,1,MESH7
2026-08-11T14:48:00.000000000Z,33,1,42003945,7927.000000000,7927.000000000,7927.000000000,7927.000000000,1,MESH7
2026-08-11T16:28:00.000000000Z,33,1,42003945,7907.250000000,7907.250000000,7907.250000000,7907.250000000,1,MESH7
2026-08-11T16:56:00.000000000Z,33,1,42003945,7900.250000000,7900.250000000,7900.250000000,7900.250000000,1,MESH7
2026-08-11T18:29:00.000000000Z,33,1,42003945,7888.000000000,7888.000000000,7888.000000000,7888.000000000,1,MESH7
2026-08-11T18:30:00.000000000Z,33,1,42003945,7884.500000000,7884.500000000,7884.500000000,7884.500000000,15,MESH7
2026-08-11T19:53:00.000000000Z,33,1,42003945,7893.000000000,7893.000000000,7893.000000000,7893.000000000,1,MESH7
2026-08-11T19:59:00.000000000Z,33,1,42003945,7887.000000000,7887.000000000,7887.000000000,7887.000000000,2,MESH7
2026-08-11T20:29:00.000000000Z,33,1,42003945,7897.000000000,7897.000000000,7897.000000000,7897.000000000,2,MESH7
2026-08-11T20:37:00.000000000Z,33,1,42003945,7902.500000000,7902.500000000,7902.500000000,7902.500000000,1,MESH7
2026-08-12T12:43:00.000000000Z,33,1,42003945,7931.750000000,7931.750000000,7931.750000000,7931.750000000,1,MESH7
2026-08-12T13:27:00.000000000Z,33,1,42003945,7930.000000000,7930.000000000,7930.000000000,7930.000000000,1,MESH7
2026-08-12T13:31:00.000000000Z,33,1,42003945,7918.000000000,7918.000000000,7918.000000000,7918.000000000,1,MESH7
2026-08-12T13:32:00.000000000Z,33,1,42003945,7918.000000000,7918.000000000,7918.000000000,7918.000000000,3,MESH7
2026-08-12T13:33:00.000000000Z,33,1,42003945,7918.000000000,7918.000000000,7918.000000000,7918.000000000,1,MESH7
2026-08-12T13:40:00.000000000Z,33,1,42003945,7915.750000000,7915.750000000,7915.750000000,7915.750000000,1,MESH7
2026-08-12T13:48:00.000000000Z,33,1,42003945,7919.000000000,7919.000000000,7919.000000000,7919.000000000,1,MESH7
2026-08-12T13:52:00.000000000Z,33,1,42003945,7914.750000000,7914.750000000,7914.750000000,7914.750000000,1,MESH7
2026-08-12T14:26:00.000000000Z,33,1,42003945,7917.000000000,7917.250000000,7917.000000000,7917.250000000,2,MESH7
2026-08-12T14:31:00.000000000Z,33,1,42003945,7905.500000000,7909.750000000,7905.000000000,7909.750000000,7,MESH7
2026-08-12T14:43:00.000000000Z,33,1,42003945,7916.000000000,7916.000000000,7916.000000000,7916.000000000,1,MESH7
2026-08-12T14:44:00.000000000Z,33,1,42003945,7916.000000000,7916.000000000,7916.000000000,7916.000000000,7,MESH7
2026-08-12T14:45:00.000000000Z,33,1,42003945,7916.000000000,7916.000000000,7916.000000000,7916.000000000,2,MESH7
2026-08-12T14:50:00.000000000Z,33,1,42003945,7911.000000000,7911.000000000,7911.000000000,7911.000000000,2,MESH7
2026-08-12T14:51:00.000000000Z,33,1,42003945,7911.000000000,7911.000000000,7911.000000000,7911.000000000,3,MESH7
2026-08-12T14:53:00.000000000Z,33,1,42003945,7911.750000000,7911.750000000,7911.750000000,7911.750000000,1,MESH7
2026-08-12T15:03:00.000000000Z,33,1,42003945,7908.000000000,7908.000000000,7908.000000000,7908.000000000,6,MESH7
2026-08-12T16:51:00.000000000Z,33,1,42003945,7917.000000000,7917.000000000,7917.000000000,7917.000000000,1,MESH7
2026-08-12T18:11:00.000000000Z,33,1,42003945,7916.000000000,7916.000000000,7916.000000000,7916.000000000,2,MESH7
2026-08-12T18:12:00.000000000Z,33,1,42003945,7916.000000000,7916.000000000,7916.000000000,7916.000000000,1,MESH7
2026-08-12T18:15:00.000000000Z,33,1,42003945,7915.000000000,7915.000000000,7915.000000000,7915.000000000,7,MESH7
2026-08-12T19:21:00.000000000Z,33,1,42003945,7917.000000000,7917.000000000,7917.000000000,7917.000000000,1,MESH7
2026-08-12T19:55:00.000000000Z,33,1,42003945,7910.000000000,7910.000000000,7909.750000000,7909.750000000,6,MESH7
2026-08-12T20:06:00.000000000Z,33,1,42003945,7913.250000000,7913.250000000,7913.250000000,7913.250000000,1,MESH7
2026-08-12T20:44:00.000000000Z,33,1,42003945,7912.500000000,7912.500000000,7912.500000000,7912.500000000,1,MESH7
2026-08-13T01:14:00.000000000Z,33,1,42003945,7910.000000000,7910.000000000,7910.000000000,7910.000000000,1,MESH7
2026-08-13T01:20:00.000000000Z,33,1,42003945,7910.000000000,7910.000000000,7910.000000000,7910.000000000,1,MESH7
2026-08-13T01:28:00.000000000Z,33,1,42003945,7910.000000000,7910.000000000,7910.000000000,7910.000000000,1,MESH7
2026-08-13T01:29:00.000000000Z,33,1,42003945,7910.000000000,7910.000000000,7910.000000000,7910.000000000,2,MESH7
2026-08-13T01:39:00.000000000Z,33,1,42003945,7914.000000000,7914.000000000,7914.000000000,7914.000000000,10,MESH7
2026-08-13T03:45:00.000000000Z,33,1,42003945,7915.000000000,7915.000000000,7915.000000000,7915.000000000,1,MESH7
2026-08-13T08:24:00.000000000Z,33,1,42003945,7921.250000000,7921.250000000,7921.250000000,7921.250000000,1,MESH7
2026-08-13T09:00:00.000000000Z,33,1,42003945,7922.000000000,7922.000000000,7922.000000000,7922.000000000,10,MESH7
2026-08-13T13:07:00.000000000Z,33,1,42003945,7930.250000000,7930.250000000,7930.250000000,7930.250000000,1,MESH7
2026-08-13T13:15:00.000000000Z,33,1,42003945,7930.250000000,7930.250000000,7930.250000000,7930.250000000,1,MESH7
2026-08-13T13:16:00.000000000Z,33,1,42003945,7928.750000000,7928.750000000,7928.750000000,7928.750000000,1,MESH7
2026-08-13T13:19:00.000000000Z,33,1,42003945,7931.250000000,7931.250000000,7931.250000000,7931.250000000,1,MESH7
2026-08-13T13:31:00.000000000Z,33,1,42003945,7934.000000000,7934.000000000,7934.000000000,7934.000000000,2,MESH7
2026-08-13T13:34:00.000000000Z,33,1,42003945,7938.000000000,7938.000000000,7938.000000000,7938.000000000,2,MESH7
2026-08-13T13:54:00.000000000Z,33,1,42003945,7955.000000000,7955.000000000,7955.000000000,7955.000000000,1,MESH7
2026-08-13T13:56:00.000000000Z,33,1,42003945,7957.000000000,7957.000000000,7957.000000000,7957.000000000,10,MESH7
2026-08-13T14:41:00.000000000Z,33,1,42003945,7975.000000000,7975.000000000,7975.000000000,7975.000000000,1,MESH7
2026-08-13T14:45:00.000000000Z,33,1,42003945,7970.000000000,7970.000000000,7970.000000000,7970.000000000,2,MESH7
2026-08-13T14:46:00.000000000Z,33,1,42003945,7970.000000000,7970.000000000,7970.000000000,7970.000000000,2,MESH7
2026-08-13T14:47:00.000000000Z,33,1,42003945,7970.000000000,7970.000000000,7969.000000000,7969.000000000,4,MESH7
2026-08-13T14:48:00.000000000Z,33,1,42003945,7969.000000000,7969.000000000,7969.000000000,7969.000000000,2,MESH7
2026-08-13T14:49:00.000000000Z,33,1,42003945,7966.000000000,7966.000000000,7965.000000000,7965.000000000,4,MESH7
2026-08-13T14:50:00.000000000Z,33,1,42003945,7965.000000000,7965.000000000,7965.000000000,7965.000000000,1,MESH7
2026-08-13T14:51:00.000000000Z,33,1,42003945,7965.000000000,7965.000000000,7965.000000000,7965.000000000,1,MESH7
2026-08-13T14:55:00.000000000Z,33,1,42003945,7962.000000000,7962.000000000,7962.000000000,7962.000000000,6,MESH7
2026-08-13T15:06:00.000000000Z,33,1,42003945,7960.000000000,7960.000000000,7960.000000000,7960.000000000,1,MESH7
2026-08-13T15:18:00.000000000Z,33,1,42003945,7955.000000000,7955.000000000,7955.000000000,7955.000000000,5,MESH7
2026-08-13T15:28:00.000000000Z,33,1,42003945,7950.000000000,7950.000000000,7950.000000000,7950.000000000,10,MESH7
2026-08-13T15:33:00.000000000Z,33,1,42003945,7950.750000000,7950.750000000,7950.750000000,7950.750000000,10,MESH7
2026-08-13T15:36:00.000000000Z,33,1,42003945,7948.000000000,7948.000000000,7948.000000000,7948.000000000,2,MESH7
2026-08-13T15:52:00.000000000Z,33,1,42003945,7945.000000000,7945.000000000,7945.000000000,7945.000000000,1,MESH7
2026-08-13T16:30:00.000000000Z,33,1,42003945,7951.000000000,7951.000000000,7951.000000000,7951.000000000,1,MESH7
2026-08-13T16:51:00.000000000Z,33,1,42003945,7952.500000000,7952.500000000,7952.500000000,7952.500000000,1,MESH7
2026-08-13T16:52:00.000000000Z,33,1,42003945,7952.500000000,7952.500000000,7952.500000000,7952.500000000,9,MESH7
2026-08-13T17:00:00.000000000Z,33,1,42003945,7955.000000000,7955.000000000,7955.000000000,7955.000000000,5,MESH7
2026-08-13T17:20:00.000000000Z,33,1,42003945,7960.000000000,7960.000000000,7960.000000000,7960.000000000,5,MESH7
2026-08-13T17:34:00.000000000Z,33,1,42003945,7951.750000000,7951.750000000,7951.750000000,7951.750000000,1,MESH7
2026-08-13T18:50:00.000000000Z,33,1,42003945,7964.000000000,7964.000000000,7964.000000000,7964.000000000,1,MESH7
2026-08-13T18:51:00.000000000Z,33,1,42003945,7964.000000000,7964.000000000,7964.000000000,7964.000000000,1,MESH7
2026-08-13T18:53:00.000000000Z,33,1,42003945,7964.000000000,7964.000000000,7964.000000000,7964.000000000,3,MESH7
2026-08-13T19:04:00.000000000Z,33,1,42003945,7967.750000000,7967.750000000,7967.750000000,7967.750000000,2,MESH7
2026-08-13T19:07:00.000000000Z,33,1,42003945,7967.750000000,7967.750000000,7967.750000000,7967.750000000,1,MESH7
2026-08-13T19:08:00.000000000Z,33,1,42003945,7968.000000000,7968.000000000,7968.000000000,7968.000000000,5,MESH7
2026-08-13T19:09:00.000000000Z,33,1,42003945,7970.000000000,7970.000000000,7970.000000000,7970.000000000,1,MESH7
2026-08-13T19:28:00.000000000Z,33,1,42003945,7966.000000000,7966.000000000,7966.000000000,7966.000000000,1,MESH7
2026-08-13T19:35:00.000000000Z,33,1,42003945,7968.000000000,7968.000000000,7968.000000000,7968.000000000,5,MESH7
2026-08-13T19:48:00.000000000Z,33,1,42003945,7965.000000000,7965.000000000,7965.000000000,7965.000000000,4,MESH7
2026-08-13T19:50:00.000000000Z,33,1,42003945,7965.000000000,7965.000000000,7965.000000000,7965.000000000,1,MESH7
2026-08-13T20:01:00.000000000Z,33,1,42003945,7962.250000000,7962.250000000,7962.250000000,7962.250000000,2,MESH7
2026-08-13T20:54:00.000000000Z,33,1,42003945,7967.000000000,7967.000000000,7967.000000000,7967.000000000,1,MESH7
2026-08-13T22:36:00.000000000Z,33,1,42003945,7963.000000000,7963.000000000,7963.000000000,7963.000000000,5,MESH7
2026-08-14T00:08:00.000000000Z,33,1,42003945,7970.500000000,7970.500000000,7970.500000000,7970.500000000,1,MESH7
2026-08-14T00:10:00.000000000Z,33,1,42003945,7971.000000000,7971.000000000,7971.000000000,7971.000000000,4,MESH7
2026-08-14T01:11:00.000000000Z,33,1,42003945,7965.500000000,7965.500000000,7965.500000000,7965.500000000,1,MESH7
2026-08-14T01:12:00.000000000Z,33,1,42003945,7965.500000000,7965.500000000,7965.500000000,7965.500000000,4,MESH7
2026-08-14T08:38:00.000000000Z,33,1,42003945,7969.000000000,7969.000000000,7969.000000000,7969.000000000,5,MESH7
2026-08-14T12:13:00.000000000Z,33,1,42003945,7965.000000000,7965.000000000,7965.000000000,7965.000000000,1,MESH7
2026-08-14T12:33:00.000000000Z,33,1,42003945,7973.000000000,7973.000000000,7973.000000000,7973.000000000,5,MESH7
2026-08-14T13:30:00.000000000Z,33,1,42003945,7968.000000000,7968.000000000,7968.000000000,7968.000000000,5,MESH7
2026-08-14T13:37:00.000000000Z,33,1,42003945,7964.000000000,7964.000000000,7964.000000000,7964.000000000,6,MESH7
2026-08-14T13:44:00.000000000Z,33,1,42003945,7969.000000000,7969.000000000,7969.000000000,7969.000000000,1,MESH7
2026-08-14T13:45:00.000000000Z,33,1,42003945,7969.000000000,7969.000000000,7969.000000000,7969.000000000,4,MESH7
2026-08-14T13:50:00.000000000Z,33,1,42003945,7965.000000000,7965.000000000,7965.000000000,7965.000000000,2,MESH7
2026-08-14T13:51:00.000000000Z,33,1,42003945,7965.000000000,7967.750000000,7965.000000000,7967.750000000,4,MESH7
2026-08-14T14:04:00.000000000Z,33,1,42003945,7969.000000000,7969.000000000,7969.000000000,7969.000000000,5,MESH7
2026-08-14T14:19:00.000000000Z,33,1,42003945,7965.000000000,7965.000000000,7965.000000000,7965.000000000,1,MESH7
2026-08-14T14:20:00.000000000Z,33,1,42003945,7964.000000000,7964.000000000,7963.000000000,7963.000000000,2,MESH7
2026-08-14T14:21:00.000000000Z,33,1,42003945,7961.000000000,7961.000000000,7961.000000000,7961.000000000,7,MESH7
2026-08-14T14:30:00.000000000Z,33,1,42003945,7957.000000000,7957.000000000,7957.000000000,7957.000000000,5,MESH7
2026-08-14T14:33:00.000000000Z,33,1,42003945,7958.250000000,7958.250000000,7958.250000000,7958.250000000,5,MESH7
2026-08-14T14:43:00.000000000Z,33,1,42003945,7954.250000000,7954.250000000,7954.250000000,7954.250000000,1,MESH7
2026-08-14T15:03:00.000000000Z,33,1,42003945,7954.250000000,7954.250000000,7954.250000000,7954.250000000,1,MESH7
2026-08-14T15:08:00.000000000Z,33,1,42003945,7953.000000000,7953.000000000,7953.000000000,7953.000000000,4,MESH7
2026-08-14T15:14:00.000000000Z,33,1,42003945,7950.000000000,7950.000000000,7950.000000000,7950.000000000,2,MESH7
2026-08-14T15:16:00.000000000Z,33,1,42003945,7950.000000000,7950.000000000,7950.000000000,7950.000000000,1,MESH7
2026-08-14T15:22:00.000000000Z,33,1,42003945,7948.000000000,7948.000000000,7948.000000000,7948.000000000,1,MESH7
2026-08-14T15:27:00.000000000Z,33,1,42003945,7946.750000000,7946.750000000,7946.750000000,7946.750000000,4,MESH7
2026-08-14T15:43:00.000000000Z,33,1,42003945,7945.000000000,7945.000000000,7945.000000000,7945.000000000,1,MESH7
2026-08-14T17:08:00.000000000Z,33,1,42003945,7944.250000000,7944.250000000,7944.250000000,7944.250000000,5,MESH7
2026-08-14T19:09:00.000000000Z,33,1,42003945,7950.000000000,7950.000000000,7950.000000000,7950.000000000,1,MESH7
2026-08-14T19:26:00.000000000Z,33,1,42003945,7950.000000000,7950.000000000,7950.000000000,7950.000000000,4,MESH7
2026-08-17T06:23:00.000000000Z,33,1,42003945,7956.000000000,7956.000000000,7956.000000000,7956.000000000,1,MESH7
2026-08-17T06:33:00.000000000Z,33,1,42003945,7957.000000000,7957.000000000,7957.000000000,7957.000000000,1,MESH7
2026-08-17T09:21:00.000000000Z,33,1,42003945,7958.000000000,7958.000000000,7958.000000000,7958.000000000,1,MESH7
2026-08-17T10:48:00.000000000Z,33,1,42003945,7957.000000000,7957.000000000,7957.000000000,7957.000000000,1,MESH7
2026-08-17T12:03:00.000000000Z,33,1,42003945,7956.000000000,7956.000000000,7956.000000000,7956.000000000,1,MESH7
2026-08-17T12:04:00.000000000Z,33,1,42003945,7956.000000000,7956.000000000,7956.000000000,7956.000000000,6,MESH7
2026-08-17T12:26:00.000000000Z,33,1,42003945,7954.250000000,7954.250000000,7954.250000000,7954.250000000,1,MESH7
2026-08-17T13:07:00.000000000Z,33,1,42003945,7945.000000000,7945.000000000,7945.000000000,7945.000000000,1,MESH7
2026-08-17T13:21:00.000000000Z,33,1,42003945,7945.500000000,7945.500000000,7945.500000000,7945.500000000,1,MESH7
2026-08-17T13:29:00.000000000Z,33,1,42003945,7947.000000000,7947.000000000,7947.000000000,7947.000000000,2,MESH7
2026-08-17T13:32:00.000000000Z,33,1,42003945,7945.250000000,7945.250000000,7945.250000000,7945.250000000,1,MESH7
2026-08-17T13:33:00.000000000Z,33,1,42003945,7946.000000000,7946.000000000,7946.000000000,7946.000000000,2,MESH7
2026-08-17T13:35:00.000000000Z,33,1,42003945,7940.000000000,7940.000000000,7940.000000000,7940.000000000,1,MESH7
2026-08-17T13:36:00.000000000Z,33,1,42003945,7942.000000000,7942.000000000,7942.000000000,7942.000000000,1,MESH7
2026-08-17T13:37:00.000000000Z,33,1,42003945,7941.000000000,7941.000000000,7941.000000000,7941.000000000,1,MESH7
2026-08-17T13:38:00.000000000Z,33,1,42003945,7940.500000000,7940.500000000,7940.500000000,7940.500000000,1,MESH7
2026-08-17T13:43:00.000000000Z,33,1,42003945,7940.000000000,7940.000000000,7940.000000000,7940.000000000,1,MESH7
2026-08-17T13:47:00.000000000Z,33,1,42003945,7936.000000000,7936.000000000,7936.000000000,7936.000000000,1,MESH7
2026-08-17T13:48:00.000000000Z,33,1,42003945,7935.000000000,7935.000000000,7935.000000000,7935.000000000,1,MESH7
2026-08-17T14:01:00.000000000Z,33,1,42003945,7935.500000000,7935.500000000,7935.500000000,7935.500000000,1,MESH7
2026-08-17T14:06:00.000000000Z,33,1,42003945,7936.750000000,7936.750000000,7936.750000000,7936.750000000,2,MESH7
2026-08-17T14:40:00.000000000Z,33,1,42003945,7934.500000000,7934.500000000,7934.500000000,7934.500000000,1,MESH7
2026-08-17T15:19:00.000000000Z,33,1,42003945,7940.000000000,7940.000000000,7940.000000000,7940.000000000,1,MESH7
2026-08-17T15:30:00.000000000Z,33,1,42003945,7935.000000000,7935.000000000,7935.000000000,7935.000000000,1,MESH7
2026-08-17T17:19:00.000000000Z,33,1,42003945,7925.000000000,7925.000000000,7925.000000000,7925.000000000,1,MESH7
2026-08-17T17:30:00.000000000Z,33,1,42003945,7915.000000000,7915.000000000,7915.000000000,7915.000000000,1,MESH7
2026-08-17T17:31:00.000000000Z,33,1,42003945,7915.000000000,7915.000000000,7915.000000000,7915.000000000,1,MESH7
2026-08-17T17:36:00.000000000Z,33,1,42003945,7915.000000000,7915.000000000,7915.000000000,7915.000000000,1,MESH7
2026-08-17T17:38:00.000000000Z,33,1,42003945,7912.750000000,7912.750000000,7912.750000000,7912.750000000,1,MESH7
2026-08-17T17:40:00.000000000Z,33,1,42003945,7915.000000000,7915.000000000,7915.000000000,7915.000000000,1,MESH7
2026-08-17T18:31:00.000000000Z,33,1,42003945,7913.500000000,7913.500000000,7913.500000000,7913.500000000,1,MESH7
2026-08-17T19:16:00.000000000Z,33,1,42003945,7918.500000000,7918.500000000,7918.500000000,7918.500000000,1,MESH7
2026-08-17T19:34:00.000000000Z,33,1,42003945,7910.000000000,7910.000000000,7910.000000000,7910.000000000,1,MESH7
2026-08-17T19:56:00.000000000Z,33,1,42003945,7905.000000000,7905.000000000,7905.000000000,7905.000000000,1,MESH7
2026-08-17T20:12:00.000000000Z,33,1,42003945,7905.500000000,7905.500000000,7905.500000000,7905.500000000,1,MESH7
2026-08-17T20:49:00.000000000Z,33,1,42003945,7908.500000000,7908.500000000,7908.500000000,7908.500000000,1,MESH7
2026-08-17T22:18:00.000000000Z,33,1,42003945,7905.000000000,7905.000000000,7905.000000000,7905.000000000,1,MESH7
2026-08-18T01:51:00.000000000Z,33,1,42003945,7900.000000000,7900.000000000,7900.000000000,7900.000000000,1,MESH7
2026-08-18T01:53:00.000000000Z,33,1,42003945,7900.000000000,7900.000000000,7900.000000000,7900.000000000,2,MESH7
2026-08-18T02:35:00.000000000Z,33,1,42003945,7892.000000000,7892.000000000,7892.000000000,7892.000000000,1,MESH7
2026-08-18T03:41:00.000000000Z,33,1,42003945,7891.750000000,7891.750000000,7891.750000000,7891.750000000,1,MESH7
2026-08-18T04:26:00.000000000Z,33,1,42003945,7885.750000000,7885.750000000,7885.750000000,7885.750000000,1,MESH7
2026-08-18T05:03:00.000000000Z,33,1,42003945,7884.000000000,7884.000000000,7884.000000000,7884.000000000,1,MESH7
2026-08-18T09:26:00.000000000Z,33,1,42003945,7863.500000000,7863.500000000,7863.500000000,7863.500000000,1,MESH7
2026-08-18T10:07:00.000000000Z,33,1,42003945,7874.250000000,7874.250000000,7874.250000000,7874.250000000,1,MESH7
2026-08-18T10:08:00.000000000Z,33,1,42003945,7874.250000000,7874.250000000,7874.250000000,7874.250000000,4,MESH7
2026-08-18T10:11:00.000000000Z,33,1,42003945,7871.000000000,7871.000000000,7871.000000000,7871.000000000,2,MESH7
2026-08-18T12:30:00.000000000Z,33,1,42003945,7869.250000000,7869.250000000,7869.250000000,7869.250000000,1,MESH7
2026-08-18T13:05:00.000000000Z,33,1,42003945,7875.000000000,7875.000000000,7875.000000000,7875.000000000,1,MESH7
2026-08-18T14:04:00.000000000Z,33,1,42003945,7865.500000000,7865.500000000,7865.500000000,7865.500000000,1,MESH7
2026-08-18T15:02:00.000000000Z,33,1,42003945,7858.750000000,7858.750000000,7858.750000000,7858.750000000,1,MESH7
2026-08-18T15:11:00.000000000Z,33,1,42003945,7862.750000000,7862.750000000,7862.750000000,7862.750000000,2,MESH7
2026-08-18T15:29:00.000000000Z,33,1,42003945,7861.250000000,7861.250000000,7861.250000000,7861.250000000,1,MESH7
2026-08-18T16:05:00.000000000Z,33,1,42003945,7869.250000000,7869.250000000,7869.250000000,7869.250000000,1,MESH7
2026-08-18T16:37:00.000000000Z,33,1,42003945,7863.000000000,7863.000000000,7863.000000000,7863.000000000,1,MESH7
2026-08-18T17:54:00.000000000Z,33,1,42003945,7864.500000000,7864.500000000,7864.500000000,7864.500000000,1,MESH7
2026-08-18T19:11:00.000000000Z,33,1,42003945,7856.000000000,7856.000000000,7856.000000000,7856.000000000,2,MESH7
2026-08-18T19:12:00.000000000Z,33,1,42003945,7854.000000000,7854.000000000,7854.000000000,7854.000000000,4,MESH7
2026-08-18T19:55:00.000000000Z,33,1,42003945,7853.500000000,7853.500000000,7853.500000000,7853.500000000,2,MESH7
2026-08-18T23:00:00.000000000Z,33,1,42003945,7849.500000000,7849.500000000,7845.750000000,7845.750000000,4,MESH7
2026-08-19T00:01:00.000000000Z,33,1,42003945,7850.000000000,7850.000000000,7850.000000000,7850.000000000,2,MESH7
2026-08-19T00:03:00.000000000Z,33,1,42003945,7850.000000000,7850.000000000,7850.000000000,7850.000000000,1,MESH7
2026-08-19T02:16:00.000000000Z,33,1,42003945,7849.750000000,7849.750000000,7849.750000000,7849.750000000,1,MESH7
2026-08-19T02:22:00.000000000Z,33,1,42003945,7849.750000000,7849.750000000,7849.750000000,7849.750000000,1,MESH7
2026-08-19T02:23:00.000000000Z,33,1,42003945,7849.750000000,7849.750000000,7849.750000000,7849.750000000,2,MESH7
2026-08-19T06:47:00.000000000Z,33,1,42003945,7849.000000000,7849.000000000,7849.000000000,7849.000000000,1,MESH7
2026-08-19T08:20:00.000000000Z,33,1,42003945,7862.000000000,7862.000000000,7862.000000000,7862.000000000,1,MESH7
2026-08-19T12:56:00.000000000Z,33,1,42003945,7889.250000000,7889.250000000,7889.250000000,7889.250000000,1,MESH7
2026-08-19T13:49:00.000000000Z,33,1,42003945,7867.500000000,7867.500000000,7867.500000000,7867.500000000,1,MESH7
2026-08-19T14:10:00.000000000Z,33,1,42003945,7880.000000000,7880.000000000,7880.000000000,7880.000000000,1,MESH7
2026-08-19T14:13:00.000000000Z,33,1,42003945,7872.250000000,7872.250000000,7872.250000000,7872.250000000,3,MESH7
2026-08-19T14:14:00.000000000Z,33,1,42003945,7875.500000000,7875.500000000,7875.500000000,7875.500000000,6,MESH7
2026-08-19T14:18:00.000000000Z,33,1,42003945,7880.000000000,7880.000000000,7880.000000000,7880.000000000,1,MESH7
2026-08-19T14:39:00.000000000Z,33,1,42003945,7892.000000000,7892.000000000,7892.000000000,7892.000000000,1,MESH7
2026-08-19T14:58:00.000000000Z,33,1,42003945,7900.000000000,7900.000000000,7900.000000000,7900.000000000,1,MESH7
2026-08-19T15:00:00.000000000Z,33,1,42003945,7901.250000000,7901.250000000,7900.250000000,7900.500000000,53,MESH7
2026-08-19T15:01:00.000000000Z,33,1,42003945,7902.000000000,7902.000000000,7901.750000000,7901.750000000,11,MESH7
2026-08-19T15:09:00.000000000Z,33,1,42003945,7898.000000000,7898.000000000,7898.000000000,7898.000000000,1,MESH7
2026-08-19T15:11:00.000000000Z,33,1,42003945,7899.000000000,7899.000000000,7899.000000000,7899.000000000,4,MESH7
2026-08-19T15:25:00.000000000Z,33,1,42003945,7893.000000000,7893.000000000,7893.000000000,7893.000000000,3,MESH7
2026-08-19T15:26:00.000000000Z,33,1,42003945,7891.000000000,7891.000000000,7891.000000000,7891.000000000,1,MESH7
2026-08-19T15:33:00.000000000Z,33,1,42003945,7894.500000000,7894.500000000,7894.500000000,7894.500000000,4,MESH7
2026-08-19T15:34:00.000000000Z,33,1,42003945,7891.000000000,7891.000000000,7891.000000000,7891.000000000,1,MESH7
2026-08-19T16:22:00.000000000Z,33,1,42003945,7895.000000000,7895.000000000,7895.000000000,7895.000000000,5,MESH7
2026-08-19T16:23:00.000000000Z,33,1,42003945,7895.000000000,7895.000000000,7895.000000000,7895.000000000,20,MESH7
2026-08-19T17:25:00.000000000Z,33,1,42003945,7872.500000000,7872.500000000,7872.500000000,7872.500000000,5,MESH7
2026-08-19T19:37:00.000000000Z,33,1,42003945,7871.000000000,7871.000000000,7871.000000000,7871.000000000,1,MESH7
2026-08-19T19:45:00.000000000Z,33,1,42003945,7870.500000000,7870.500000000,7870.500000000,7870.500000000,1,MESH7
2026-08-19T19:51:00.000000000Z,33,1,42003945,7862.000000000,7862.000000000,7862.000000000,7862.000000000,1,MESH7
2026-08-20T03:16:00.000000000Z,33,1,42003945,7880.000000000,7880.000000000,7880.000000000,7880.000000000,1,MESH7
2026-08-20T05:11:00.000000000Z,33,1,42003945,7881.250000000,7881.250000000,7881.250000000,7881.250000000,1,MESH7
2026-08-20T07:59:00.000000000Z,33,1,42003945,7871.000000000,7871.000000000,7871.000000000,7871.000000000,1,MESH7
2026-08-20T08:10:00.000000000Z,33,1,42003945,7870.000000000,7870.000000000,7870.000000000,7870.000000000,1,MESH7
2026-08-20T10:42:00.000000000Z,33,1,42003945,7870.250000000,7870.250000000,7870.250000000,7870.250000000,1,MESH7
2026-08-20T12:09:00.000000000Z,33,1,42003945,7830.000000000,7830.000000000,7830.000000000,7830.000000000,1,MESH7
2026-08-20T12:30:00.000000000Z,33,1,42003945,7828.000000000,7828.000000000,7828.000000000,7828.000000000,4,MESH7
2026-08-20T13:51:00.000000000Z,33,1,42003945,7852.750000000,7852.750000000,7852.750000000,7852.750000000,2,MESH7
2026-08-20T14:20:00.000000000Z,33,1,42003945,7845.000000000,7845.000000000,7845.000000000,7845.000000000,4,MESH7
2026-08-20T16:36:00.000000000Z,33,1,42003945,7840.000000000,7840.000000000,7840.000000000,7840.000000000,1,MESH7
2026-08-20T17:20:00.000000000Z,33,1,42003945,7828.750000000,7828.750000000,7828.750000000,7828.750000000,3,MESH7
2026-08-20T17:30:00.000000000Z,33,1,42003945,7830.250000000,7830.250000000,7830.250000000,7830.250000000,1,MESH7
2026-08-20T18:05:00.000000000Z,33,1,42003945,7818.000000000,7818.000000000,7818.000000000,7818.000000000,1,MESH7
2026-08-20T18:10:00.000000000Z,33,1,42003945,7815.000000000,7815.000000000,7815.000000000,7815.000000000,1,MESH7
2026-08-20T18:25:00.000000000Z,33,1,42003945,7815.000000000,7815.000000000,7815.000000000,7815.000000000,1,MESH7
2026-08-20T19:05:00.000000000Z,33,1,42003945,7817.250000000,7817.250000000,7817.250000000,7817.250000000,1,MESH7
2026-08-20T20:17:00.000000000Z,33,1,42003945,7800.000000000,7800.000000000,7800.000000000,7800.000000000,2,MESH7
2026-08-21T09:10:00.000000000Z,33,1,42003945,7824.000000000,7824.000000000,7824.000000000,7824.000000000,1,MESH7
2026-08-21T10:44:00.000000000Z,33,1,42003945,7829.250000000,7829.250000000,7829.250000000,7829.250000000,5,MESH7
2026-08-21T11:21:00.000000000Z,33,1,42003945,7830.000000000,7830.000000000,7830.000000000,7830.000000000,1,MESH7
2026-08-21T11:42:00.000000000Z,33,1,42003945,7836.750000000,7836.750000000,7836.750000000,7836.750000000,5,MESH7
2026-08-21T12:31:00.000000000Z,33,1,42003945,7841.500000000,7841.500000000,7841.500000000,7841.500000000,5,MESH7
2026-08-21T13:09:00.000000000Z,33,1,42003945,7839.000000000,7839.000000000,7839.000000000,7839.000000000,5,MESH7
2026-08-21T13:14:00.000000000Z,33,1,42003945,7833.750000000,7833.750000000,7833.750000000,7833.750000000,5,MESH7
2026-08-21T13:39:00.000000000Z,33,1,42003945,7826.500000000,7826.500000000,7826.500000000,7826.500000000,5,MESH7
2026-08-21T14:06:00.000000000Z,33,1,42003945,7830.000000000,7830.000000000,7830.000000000,7830.000000000,5,MESH7
2026-08-21T14:56:00.000000000Z,33,1,42003945,7829.000000000,7829.000000000,7829.000000000,7829.000000000,5,MESH7
2026-08-21T14:59:00.000000000Z,33,1,42003945,7833.000000000,7833.000000000,7833.000000000,7833.000000000,5,MESH7
2026-08-21T15:39:00.000000000Z,33,1,42003945,7852.250000000,7852.250000000,7852.250000000,7852.250000000,1,MESH7
2026-08-21T17:18:00.000000000Z,33,1,42003945,7835.500000000,7835.500000000,7835.500000000,7835.500000000,1,MESH7
2026-08-21T17:59:00.000000000Z,33,1,42003945,7831.750000000,7831.750000000,7831.750000000,7831.750000000,1,MESH7
2026-08-21T18:00:00.000000000Z,33,1,42003945,7831.750000000,7831.750000000,7831.750000000,7831.750000000,5,MESH7
2026-08-21T19:20:00.000000000Z,33,1,42003945,7836.000000000,7836.000000000,7836.000000000,7836.000000000,5,MESH7
2026-08-23T23:35:00.000000000Z,33,1,42003945,7839.500000000,7839.500000000,7839.500000000,7839.500000000,5,MESH7
2026-08-23T23:39:00.000000000Z,33,1,42003945,7839.250000000,7839.250000000,7839.250000000,7839.250000000,5,MESH7
2026-08-24T00:15:00.000000000Z,33,1,42003945,7839.000000000,7839.000000000,7839.000000000,7839.000000000,5,MESH7
2026-08-24T00:16:00.000000000Z,33,1,42003945,7836.500000000,7836.500000000,7836.500000000,7836.500000000,5,MESH7
2026-08-24T00:32:00.000000000Z,33,1,42003945,7830.000000000,7830.000000000,7830.000000000,7830.000000000,1,MESH7
2026-08-24T00:45:00.000000000Z,33,1,42003945,7831.000000000,7831.000000000,7831.000000000,7831.000000000,4,MESH7
2026-08-24T00:56:00.000000000Z,33,1,42003945,7833.500000000,7833.500000000,7833.500000000,7833.500000000,5,MESH7
2026-08-24T01:06:00.000000000Z,33,1,42003945,7840.000000000,7840.000000000,7840.000000000,7840.000000000,5,MESH7
2026-08-24T01:57:00.000000000Z,33,1,42003945,7836.000000000,7836.000000000,7836.000000000,7836.000000000,5,MESH7
2026-08-24T11:21:00.000000000Z,33,1,42003945,7811.000000000,7811.000000000,7811.000000000,7811.000000000,5,MESH7
2026-08-24T11:32:00.000000000Z,33,1,42003945,7815.000000000,7815.000000000,7815.000000000,7815.000000000,5,MESH7
2026-08-24T11:53:00.000000000Z,33,1,42003945,7819.500000000,7819.500000000,7819.500000000,7819.500000000,5,MESH7
2026-08-24T12:23:00.000000000Z,33,1,42003945,7820.000000000,7820.000000000,7820.000000000,7820.000000000,2,MESH7
2026-08-24T12:32:00.000000000Z,33,1,42003945,7817.000000000,7817.000000000,7817.000000000,7817.000000000,5,MESH7
2026-08-24T13:28:00.000000000Z,33,1,42003945,7820.000000000,7820.000000000,7820.000000000,7820.000000000,5,MESH7
2026-08-24T13:43:00.000000000Z,33,1,42003945,7804.500000000,7804.500000000,7804.500000000,7804.500000000,2,MESH7
2026-08-24T13:44:00.000000000Z,33,1,42003945,7800.000000000,7800.000000000,7800.000000000,7800.000000000,1,MESH7
2026-08-24T14:33:00.000000000Z,33,1,42003945,7813.250000000,7813.250000000,7813.250000000,7813.250000000,1,MESH7
2026-08-24T14:44:00.000000000Z,33,1,42003945,7811.000000000,7811.000000000,7811.000000000,7811.000000000,2,MESH7
2026-08-24T16:03:00.000000000Z,33,1,42003945,7825.000000000,7825.000000000,7825.000000000,7825.000000000,1,MESH7
2026-08-24T16:08:00.000000000Z,33,1,42003945,7819.000000000,7819.000000000,7819.000000000,7819.000000000,20,MESH7
2026-08-24T16:23:00.000000000Z,33,1,42003945,7826.000000000,7826.000000000,7826.000000000,7826.000000000,1,MESH7
2026-08-25T07:33:00.000000000Z,33,1,42003945,7827.500000000,7827.500000000,7827.500000000,7827.500000000,1,MESH7
2026-08-25T07:34:00.000000000Z,33,1,42003945,7827.500000000,7827.500000000,7827.500000000,7827.500000000,2,MESH7
2026-08-25T08:23:00.000000000Z,33,1,42003945,7837.000000000,7837.000000000,7837.000000000,7837.000000000,2,MESH7
2026-08-25T08:38:00.000000000Z,33,1,42003945,7834.000000000,7834.000000000,7834.000000000,7834.000000000,5,MESH7
2026-08-25T09:57:00.000000000Z,33,1,42003945,7852.250000000,7852.250000000,7852.250000000,7852.250000000,1,MESH7
2026-08-25T10:45:00.000000000Z,33,1,42003945,7842.000000000,7842.000000000,7842.000000000,7842.000000000,5,MESH7
2026-08-25T10:53:00.000000000Z,33,1,42003945,7845.750000000,7845.750000000,7845.750000000,7845.750000000,1,MESH7
2026-08-25T12:25:00.000000000Z,33,1,42003945,7846.000000000,7846.000000000,7846.000000000,7846.000000000,1,MESH7
2026-08-25T13:34:00.000000000Z,33,1,42003945,7842.000000000,7842.000000000,7842.000000000,7842.000000000,5,MESH7
2026-08-25T13:41:00.000000000Z,33,1,42003945,7840.000000000,7840.000000000,7840.000000000,7840.000000000,5,MESH7
2026-08-25T13:43:00.000000000Z,33,1,42003945,7835.250000000,7835.250000000,7835.250000000,7835.250000000,10,MESH7
2026-08-25T13:52:00.000000000Z,33,1,42003945,7836.250000000,7836.250000000,7836.250000000,7836.250000000,5,MESH7
2026-08-25T13:54:00.000000000Z,33,1,42003945,7836.000000000,7836.000000000,7836.000000000,7836.000000000,5,MESH7
2026-08-25T14:05:00.000000000Z,33,1,42003945,7827.000000000,7827.000000000,7827.000000000,7827.000000000,5,MESH7
2026-08-25T14:30:00.000000000Z,33,1,42003945,7818.500000000,7818.500000000,7818.500000000,7818.500000000,10,MESH7
2026-08-25T14:31:00.000000000Z,33,1,42003945,7821.000000000,7821.000000000,7821.000000000,7821.000000000,1,MESH7
2026-08-25T14:34:00.000000000Z,33,1,42003945,7821.750000000,7821.750000000,7821.750000000,7821.750000000,1,MESH7
2026-08-25T14:42:00.000000000Z,33,1,42003945,7818.000000000,7818.000000000,7818.000000000,7818.000000000,1,MESH7
2026-08-25T14:50:00.000000000Z,33,1,42003945,7816.000000000,7816.000000000,7816.000000000,7816.000000000,1,MESH7
2026-08-25T19:55:00.000000000Z,33,1,42003945,7834.250000000,7834.250000000,7834.250000000,7834.250000000,1,MESH7
2026-08-25T20:08:00.000000000Z,33,1,42003945,7834.250000000,7834.250000000,7834.250000000,7834.250000000,4,MESH7
2026-08-26T00:18:00.000000000Z,33,1,42003945,7825.000000000,7825.000000000,7825.000000000,7825.000000000,2,MESH7
2026-08-26T00:59:00.000000000Z,33,1,42003945,7815.000000000,7815.000000000,7815.000000000,7815.000000000,1,MESH7
2026-08-26T02:24:00.000000000Z,33,1,42003945,7821.250000000,7821.250000000,7821.250000000,7821.250000000,1,MESH7
2026-08-26T02:25:00.000000000Z,33,1,42003945,7820.000000000,7820.000000000,7820.000000000,7820.000000000,2,MESH7
2026-08-26T04:49:00.000000000Z,33,1,42003945,7822.250000000,7822.250000000,7822.250000000,7822.250000000,1,MESH7
2026-08-26T06:26:00.000000000Z,33,1,42003945,7826.250000000,7826.250000000,7826.250000000,7826.250000000,1,MESH7
2026-08-26T12:28:00.000000000Z,33,1,42003945,7833.000000000,7833.000000000,7833.000000000,7833.000000000,5,MESH7
2026-08-26T12:37:00.000000000Z,33,1,42003945,7825.000000000,7825.000000000,7825.000000000,7825.000000000,1,MESH7
2026-08-26T13:47:00.000000000Z,33,1,42003945,7834.500000000,7834.500000000,7834.500000000,7834.500000000,1,MESH7
2026-08-26T13:57:00.000000000Z,33,1,42003945,7841.750000000,7841.750000000,7841.750000000,7841.750000000,1,MESH7
2026-08-26T14:03:00.000000000Z,33,1,42003945,7843.500000000,7843.500000000,7843.500000000,7843.500000000,10,MESH7
2026-08-26T14:12:00.000000000Z,33,1,42003945,7837.000000000,7837.000000000,7837.000000000,7837.000000000,1,MESH7
2026-08-26T14:13:00.000000000Z,33,1,42003945,7837.000000000,7837.000000000,7837.000000000,7837.000000000,10,MESH7
2026-08-26T14:16:00.000000000Z,33,1,42003945,7836.000000000,7836.000000000,7836.000000000,7836.000000000,1,MESH7
2026-08-26T15:35:00.000000000Z,33,1,42003945,7829.000000000,7829.000000000,7829.000000000,7829.000000000,1,MESH7
2026-08-26T16:52:00.000000000Z,33,1,42003945,7818.750000000,7818.750000000,7818.750000000,7818.750000000,1,MESH7
2026-08-26T19:32:00.000000000Z,33,1,42003945,7843.500000000,7843.500000000,7843.500000000,7843.500000000,1,MESH7
2026-08-26T19:49:00.000000000Z,33,1,42003945,7845.000000000,7845.000000000,7845.000000000,7845.000000000,1,MESH7
2026-08-26T20:57:00.000000000Z,33,1,42003945,7848.000000000,7848.000000000,7848.000000000,7848.000000000,1,MESH7
2026-08-26T22:00:00.000000000Z,33,1,42003945,7865.000000000,7865.000000000,7865.000000000,7865.000000000,1,MESH7
2026-08-26T22:01:00.000000000Z,33,1,42003945,7875.000000000,7875.000000000,7875.000000000,7875.000000000,1,MESH7
2026-08-26T22:38:00.000000000Z,33,1,42003945,7883.000000000,7883.000000000,7883.000000000,7883.000000000,5,MESH7
